000411001ff7dd4f,640,480
0004886b7d043cfd,554,554
0035b9006c333719,739,415
00371fbc0d38eab5,452,678
0046f363bfc646dd,640,478
00835f0fbe950715,678,452
008856a1954b0372,640,480
00a0b916fd5941a3,640,480
00a72fa141918070,640,480
00c9616a917be867,480,640
00fe1cf6d7237787,554,554
011d1dcbfb65a15f,640,480
016bc75fcfc8b2a4,640,480
01a500135407b136,641,479
01b6066f2247bd4b,641,479
01c715ada9a9b193,615,499
01d1c8c162ae025d,640,480
01f5c22d73bfed30,640,480
01fdc956f59149b3,678,452
022e46ffa30f672c,640,480
02400d99c2eaf5cc,739,415
0240e41bc74a1eaa,480,640
026b5db42693849b,640,480
0275e655b6ab124d,678,452
02c2d738fbe1b585,678,452
02ceda7dc7da5160,640,480
02ec05fac2e747a6,480,640
02f3a888909fa7d0,640,480
031ac8a5206fba86,640,480
0378fe468292e979,640,480
03a0775162c71100,554,554
03abf85fbae6ceaa,452,678
03ac8b1dd6db728b,452,678
04020ee1007da76f,479,641
04113e7d2f21171e,679,451
0421eec829d10cb8,554,554
0423752f180ef665,640,480
043cfbb97cf7d0ef,640,480
044a150b3427b632,741,414
04593c33db4a437b,640,480
0464ee3cb962d00a,640,480
04c7f28def2287ce,640,480
04d99f31fa5f4602,678,452
04e353c1d8d726b4,738,416
04fc06e1cd489eff,678,452
059001702b9b91e5,679,452
0591c19dfec6a487,627,489
0592e7497f03329e,554,554
059bbdbdb843af6a,640,480
05ab8cb823b8df06,680,451
05b912dc7c89afce,640,480
05c92ecbfdca9abf,640,480
05e7b12801b04f21,619,495
063b11e981ae1db4,480,640
064a39d25c3b20b5,892,344
0664e168198cede3,640,480
06664ee4beef4bad,678,452
069a654510bbfa31,640,480
06a554f8a96718ea,480,640
06a5f3f53ded298b,900,340
06b9450194965cca,678,452
06c5f87181c30e00,641,479
06d478dedd964618,640,480
06e61ebc07e5eebc,640,480
07007a0ea3f9bace,640,480
077f634f85c23128,704,436
079d31816cc78de5,641,479
079d870c5c5a2b71,480,640
07f240fea1a3fc77,678,452
0815c84abc90de72,640,480
084b363c71a7f958,480,640
0854bbb37680cc92,452,678
087d26b0afcccfa0,677,453
088c1587f47ff21a,480,640
089cef3acc866627,681,451
08a47224dca15408,554,554
08baba2e58838d7f,640,480
08d7fe500c072631,640,480
08dbfb19f7bd3c2b,674,455
08f0277831cc0008,554,554
091e747be8f80c04,639,480
094ba5d827093d86,739,415
09584f35827c9ff0,640,480
095defed6ab2d68b,640,480
09657edae4f69497,480,640
09869991195f8564,678,452
09a9a9d1fe0a592a,480,640
09ab6b638cd81c41,641,479
0a45f7c7d29c7aaa,480,640
0a833d0c929a5257,640,480
0a883b2736f3cd27,480,640
0a8fc50cd3e3df1a,640,480
0aa379552b790eb9,640,480
0ab25a872a3a628f,640,480
0ade7aef439e2102,640,480
0b1c3cded3b46e46,639,480
0b2a2c061ef16759,554,554
0b30ad1afeba9bca,640,480
0b33a312419b0388,640,480
0b9f6e258d3f6405,641,479
0bb03b3cad0efb39,640,480
0bb774507fee3a7d,641,479
0c1be464d6a90b72,640,480
0c78eab0bc0b64cb,478,641
0c96676d3cc5df27,640,480
0cd79336747bd7cc,479,641
0cf98efa67d18dba,640,480
0cfd32e15fab83ef,695,441
0d1a0e364c173cd9,640,480
0d1c49afcf00e948,641,479
0d4d1169ecf7e56e,641,479
0d5a9cfe6f7d27a3,678,452
0d630353a0add6d5,678,452
0d710305021a46b5,640,480
0d79972ccf86b23c,408,752
0d9536776a0f5e73,678,452
0d95de414d78b220,678,452
0d99f7332e5714ac,716,428
0da01a4addc839e2,480,640
0da34862b9e819c4,740,414
0dc7721eb25440cd,640,480
0dff5becb0f6c70d,678,452
0e2878aa394cb0f2,640,480
0e3ed3d9a681cd0f,480,640
0e41ef10ad09c6a9,678,452
0e568caa07e50452,472,649
0e59eab29bb975eb,680,451
0e6376304d9770b4,680,451
0ebb49849b2634fb,640,480
0ec61ac8e279245e,640,480
0f12ce1c9c84bf8d,641,479
0f1b59c94d60658c,641,479
0f2358e793950ca0,678,452
0f5268b184ffcf29,452,678
0f5f32f742a168ea,640,480
0f7e8a74e15b709f,643,477
0f9b7d13a8e47159,678,452
0ffd60b1660d127e,479,641
103b912c7f055ab1,640,480
105045ca1600113b,680,451
106172bf41099725,479,640
109c8cd4db8fbf4b,640,480
10aaa68c22e38839,738,415
10bcbd59753ff556,714,429
10d97ec18b59ea63,640,480
111b8f9f49f2c6d2,639,480
115872da580ac344,640,480
1162c3a2b658745b,415,739
116b7e072589a6ef,415,739
11c05bcba9794149,678,452
120366298e4ebe93,677,453
120383993bf1971c,679,451
1210ad4fd65b252a,554,554
1253baf5755d43aa,677,453
12683831dc080aa0,480,640
1272bef04f1d0bf9,641,479
128d5b434300f002,641,478
128effcd5bc60e5e,641,479
12a7849721a239a0,479,641
12b3bf747239d5e4,640,480
12c61f9e8d2642fd,425,640
12dff43294d08f2c,641,479
131c8077544ca677,739,415
13484f8e2b57eff2,641,479
135ef3f213b86f24,640,480
13c49a205424e3b7,591,519
140d03b3fa8164f4,680,451
143099b8f96d2791,428,717
1447c76465ed795e,452,678
146a017e61c7d073,754,407
147e86fa5c31b386,739,415
14bc119cb2a0209f,678,452
14fdc6e53d2529f5,533,576
150ba4418c5e7e10,678,452
150d97334649f96f,640,480
1554f6fd493281ec,640,480
15588d2079a35327,679,452
159453e0895f9c4d,640,480
15b6fec3f694785f,678,452
15eece3f93c56839,554,554
16207a8b9ad43c91,640,478
163dcae70638adda,480,640
164b64d53c6baba9,480,640
164fb6565ef49ad4,677,453
165a1862e2b3d358,640,480
1664556b7c3df1f5,678,452
1670fa26860eff21,641,479
16a40350d244b542,678,452
16af9a24ba435d23,640,480
16db728531492d0a,554,554
17a82139883cba9c,480,640
17b4608dc6d440ad,640,480
17f8cf4d94710527,640,480
1811e14afd9c17f7,640,480
181a97eca6d8ffdb,640,480
182edfabe72c2d5f,606,506
1845503f52d15d0e,679,451
18958cb6f8523c8c,480,640
1898f5c850f25d16,679,452
189da54a9e61a625,640,480
18a72238396534b4,679,452
18b50c75f51f1d6c,640,480
18b961db008490be,739,415
18c2ca19151f97f8,480,640
18db1aa9edbffd03,640,480
18deefd6a2a21338,715,429
1998cd59c5ef0e02,480,640
19ab701fbd0295d6,640,480
19cd5624a410e2ec,641,479
19ce750d3c193b23,704,435
19f2eb995bbd52f0,738,415
1a023cfa4e6b7129,640,480
1a156849a45ceb8f,671,457
1a2524edfcd1f652,640,480
1a4ff16a61ff121a,679,452
1a5d5baf28dc3b70,835,367
1a8f87cf584e7711,452,678
1a9f816b290661a0,554,554
1ae713720afff9cf,640,480
1af752b509c87694,640,480
1b277c74657f5775,480,639
1b4d13dac6d9bb02,640,480
1b510a792faeff6d,640,480
1b5fb498835e39fb,739,415
1b6a1bef73ac2e19,678,452
1b73aad62a517097,479,641
1be81ca653fca78b,640,480
1c2a29feb56cfcb6,640,480
1c3c1eaf93780a8e,718,427
1c4018f41fc66e97,739,415
1c4d76f4dc92008d,554,554
1c5aca126a0d7d59,681,451
1c602d3445ab60a7,678,452
1c6df6576a77f4d4,640,480
1d224f496033e60d,641,479
1d237d04ea78e0bc,451,680
1d2651922a41ce31,679,452
1d4e9656f00a54d5,480,640
1d56ac8ab97e70a6,640,480
1d617e33b2974afc,739,415
1d7c7320a508643f,640,480
1d9f21ae0f54a074,678,452
1daa883d19ac56a7,740,415
1e46de4cd35ba2cb,640,480
1e5c11ab90d37668,640,480
1e6104d5518cb3f9,554,554
1e95bbeb6ab5ad60,677,453
1ead5312df1f0710,640,480
1ed7034f23d49bbd,640,480
1efc72f84699ec3d,451,679
1efc8d87eaf351e4,641,479
1f0e7b8d37fec45b,681,451
1f1f40ba55fc476d,678,452
1f25898fa5004f23,678,452
1f5722ffe2e7dffc,640,480
1f5cf6e96f0e0690,480,640
1f6e3d1e95c4b95e,640,480
1fc0cdfb7619ec1a,679,452
1fca4e8814de1ef8,678,452
202d0c6ccef99ced,678,452
206167f6b69461bb,554,554
20617601e04bec61,554,554
2077ce5fe5d8fc4f,480,640
208c44ba960bfc82,640,480
21298fe14c368392,480,640
21303e30f05489ec,640,480
213ec190be36573c,479,641
21460c2dec0fbe44,480,640
214c2f44b440b91b,640,480
21656bca9d83702f,640,480
2167755de02e7112,640,480
21910aaf5082ca9d,739,415
2194a10d5a5c7d95,678,452
21afc87d48812530,640,480
21f18f01a16e5cc0,640,480
21f39a1828e9f534,678,452
21fe8b10d23a21a3,554,554
223127897b18910e,680,451
2299c4d21f6fe798,640,480
22cb95c4504b7bd6,640,480
22f8fabb85baf1a4,701,438
23180090fe91a4d4,640,480
234fdc51ee364a1b,679,452
23be40c20d455375,640,480
23d1fd4eeb1608b9,678,452
23d851a0f92915f2,640,480
23fa32522938e977,479,641
241856dd89fe2515,640,480
2424f519111f08ab,641,479
242967252bacb31b,640,479
2458c414ec6704ec,479,641
2461bbd755bcbfaf,681,451
2471a362c98fa75d,678,452
249c81417e1ee78c,678,452
249f9b352604d85c,640,480
24a7f7bd26c4e844,640,480
24b035b5e98fa316,680,451
24d292f5099ae522,640,480
24e0da9ef3c9c553,640,480
24efca6cbeb4bac1,554,554
24eff9ae81897718,640,480
24f7e68bc3c4c614,479,641
2517b7ca199f7b61,640,480
2536111c51c377ac,452,678
25645cc59aa3c862,479,641
258e8069090d8ebb,678,452
25b93ba5fa0a2a3d,680,451
25c6638b5bd56447,679,451
25ea869d4b5248a5,679,452
25fd970c036989d0,677,453
25ffd901a9b89185,415,739
262ccd0eb0787e50,640,480
262e1d34fe6a8953,678,452
26766887b90a16a5,480,640
267d7b4ad74be2c2,715,429
267fb36486a00fcc,640,480
26a455a839899dc2,678,452
26d1c15989cf2a3a,640,480
26dd794a4d2bcedd,680,451
26e3359353b3bd74,480,640
2703ed87e76821e1,640,480
2761536f2ff67677,640,480
27918d99bb0a8d9b,480,640
27c3d7eebe4769a7,800,269
27c72d848f4d8df8,640,480
2815845de8b8ff4e,678,452
2817040c18931d8c,739,415
2866713fec22e7e7,480,640
288a95c01e43cd14,641,479
288e2484a57420f8,678,452
289889548e91ab23,640,480
28b29debf1f6dd9c,480,640
28befe70391722a6,453,677
28bff788f24af621,453,677
28cd47011eabb00e,640,480
28da05e683e2c667,739,415
28e40dc55ed0c759,605,507
28e541df86230a4e,453,677
2911453cc61834d8,678,452
291471b91ff1b6d7,641,479
293c5cfe900c45de,480,640
29848ef72dad3006,640,480
29f765107c757b49,640,480
2a1299450c68def6,640,480
2a14db3a0316bc65,640,480
2a171958c979c489,480,640
2a1c6851b7d4872e,495,619
2a2109a401c6b9ac,679,451
2a21ce7b99301cce,678,452
2a26333210fc9b43,738,415
2a44575354daee05,640,480
2a49b0f7a35e79c5,738,415
2a4f58597b6410b8,678,452
2a5101e8b9166d1b,640,480
2a51c0fd2be729f4,739,415
2a5865456ba547df,677,453
2a7862c5c20bf762,640,480
2a8b0851b24d0a36,480,640
2aaf990adc8a5c20,640,480
2ab18b8a310885b9,554,554
2ad839da9aa6c2d5,640,480
2ae532da1478e448,678,452
2af9c386f565f8ab,479,641
2b026d9fa98be55e,678,452
2b0d24e40261ed1a,451,680
2b3d97d2c08ab532,678,452
2b3e0f77fe71147a,640,480
2b4d0d8723105e02,640,480
2ba49b22d9e1a93e,677,453
2ba77682286809e2,821,374
2bac4cbaa3859a6b,640,480
2bc6a018199e415c,678,452
2bce96edbc1277c4,640,480
2c0ede2d5afce7a5,641,479
2c4f3120bdecea31,678,452
2c651e1f83c6e106,715,429
2c669fb18d6755de,691,444
2c8e0a0542313538,640,480
2ca77482bdacd63c,678,452
2cacd956845cb113,640,480
2cb06bf4e749ec65,521,588
2cebeb05d5c50af4,480,640
2cff67b07b9d2397,640,480
2d463c6c92a49946,640,480
2d48f380fe2bb808,480,640
2d520f35a206b4f9,640,480
2d6eef206095ba72,739,415
2d8761469b60ba90,640,480
2d8f13ccb86d9eeb,640,480
2da2ba47aee1cd88,625,491
2da6330288158e9c,682,450
2dbdd27603e44256,452,678
2dcc479693350ffd,640,480
2ded760ce0ad65e7,480,640
2df30a2ec8ec88d4,640,480
2e01c6470068d5fc,678,452
2e0d060a8e63403d,640,480
2e25ffc2918de92a,640,480
2e354a28299870bf,640,480
2e5334fa51616a52,479,641
2e596ebfd2e5c4db,480,640
2e87cb2d2d5b8a67,452,678
2e9c852f10aed668,640,480
2eb871d4c41c0797,640,480
2ebc2f269d45534d,678,452
2ec978b97a3c1da8,640,480
2ecd724394c7899c,739,415
2ecf6d297ed1e22d,640,480
2ed4810185e9dd53,678,452
2ed879e4be6c0a2d,479,641
2ee8ab305463e901,479,641
2ef4affd931a15f4,640,480
2f04f8f22e7897c6,640,480
2f4369c0a391c437,640,426
2f577a5f773642d4,480,640
2f6655e097b908e1,480,640
2fb616c4f0b7d7cc,480,640
2fcdf6e0647f3333,480,640
2fe73583a00c381d,641,479
30099db6e67293a6,678,452
300d54fecb6bb652,479,641
3049beaf9830154b,640,480
3064de65bb02dc26,460,667
30663c515f8be886,640,480
307a6e3875470b54,451,680
308aa7023d4218a9,739,415
30bb25b4e1117219,640,480
30bc408216348408,695,441
30fee1125652829a,640,480
311257f96d2be1e5,640,480
3145353afb7c7dda,739,415
3158387bcc8097df,640,480
316e145d446d7e8a,554,554
3181a9a096c3dec0,678,452
3186a07656292d28,640,480
3198664c7e4ef82f,640,480
31b52995529349fa,640,480
31cc7f001f9810db,554,554
31e9c318230becb9,640,480
31f87db19b62f48d,640,480
3201685983efd3d2,480,640
320399a7d886ad10,640,480
320449f6d8201c3b,452,678
320a8e80036f6f4c,416,737
320ae541326b909a,640,480
32263e12575a3062,673,456
323da2685c7debe8,554,554
32750e1ab3a702d4,453,677
32aeb78728429b44,678,452
32e98043f06ffb28,640,480
32fed07b0e8910ae,678,452
330a328aeebbfdcf,641,479
330aa8283c3f543f,741,414
332879b562e5b966,452,678
33460dea928463ad,678,452
3347db81246e7dfc,640,480
335eb45678a545cc,600,474
3361345169eb5011,720,426
338f8c8212651c35,528,581
339ac796c8258bd3,716,428
33aba441e361917b,480,640
33af2764c5c73c6e,678,452
33ff0a9ec408a629,790,388
3411e0b5702f7daa,679,452
3437282ab6fe9012,415,739
345d276df655a1f1,676,454
3467f224b646d879,480,640
346fbc98f7e793a8,480,640
34724d136a76e0d0,679,451
34999e909748e2f7,640,480
34a943419bfd9186,452,678
34c9abdfb0325829,678,452
34ca3252f34a5955,739,415
34ef6201bf931a43,640,480
34fe3641b88fccc3,640,480
350300b35fa01abc,680,451
35104ecae1859412,640,480
3510d5e5e5ca14d0,640,480
3517ab573c83ea4b,640,480
3525301bea0caf82,681,451
35669675caf4ebe9,452,678
35cc99923934a885,640,480
35f62dfaec7a1c56,678,452
3621b2f4352202cf,592,518
364a5583d79ef608,640,480
364c3dd57fdee62b,478,641
366f5ae5cc8370e6,640,480
3674141a3a25f063,639,480
36a91ad97eb5398e,640,480
36b8f1adff01f1b8,630,487
36e89995930d3c47,640,480
371e927e3241484a,680,451
37269df6a86724d5,640,480
372757159a192af6,480,640
37469447c7715a14,480,640
376bf47809f2fab2,678,452
378603203007c4ad,452,678
37943bf45a7f30d9,783,391
37dc9a98e5d8499c,554,554
37e2649b4397ce92,679,451
38257622f478a29d,480,640
383ae31dc916a8f5,739,415
383b0ffbe7edeaef,638,481
386496a25f4ae578,640,480
38bb2af3d81205f1,678,452
38bfae6e178c2ca8,640,480
390e0e4329e000ba,554,554
391a8f7083458a57,640,480
393f541b9626d9c6,716,428
39412932bb0e0eff,480,640
394a2ae799d16cbf,678,452
398d3aedbda4056c,480,640
39919bc22d76a0d9,640,480
3996d61fca26d737,679,451
39a4cb342871bde0,640,480
39a6992648ff4f6e,452,678
39c46507c8483e6d,738,415
39cf648b4f935c11,640,480
39e33e92be8b0bf7,644,476
39f4fa3ee5b05e45,680,451
3a1d9416deb7de88,480,640
3a3255202e45c0ff,640,480
3a339427fea654cb,480,640
3a3d26d33f8f7a1f,640,480
3a47a2f8236c8378,480,640
3a4b31bca6d0df2e,640,480
3a60b3d1c8db508c,678,452
3a779071a540a3a2,837,366
3a8129b023032713,681,451
3a91292fc5ee893c,640,480
3accc1de7bb448ed,640,480
3ae5946dec5d5f14,554,554
3af2bd1dd1f8f837,681,451
3afa2fc6ffe00a29,480,640
3b02dbd10920b8b0,640,480
3b0f87dd5db077f0,678,452
3b12c4f7edd1eedb,479,640
3b1cfdbc7616a8c8,680,451
3b1e6e65fbd52580,640,480
3b243ec75b2429dd,684,448
3b28fbcc74f71916,480,640
3b3f2825503c4bd7,554,554
3b44cae94f45e7db,739,415
3b481f7bf1be9c11,641,479
3b825ea9d84a44ee,679,452
3b953530d59d434c,554,554
3bc2b95b280acc81,640,480
3bc4358d0edbb0f6,480,640
3c14f9af71394770,640,480
3c1925831e764226,641,479
3c27666c417ee021,525,584
3c2f5e5c8e833649,678,452
3c3cb6c4365197e4,641,479
3c40bd673692814c,678,452
3c6c6ce8aad32d04,678,452
3c6e5cb6f18c0365,640,480
3c83ee65c4b3adbc,480,640
3ca44a7f2d6f4a3f,640,480
3cdf4e7ee8a900c4,640,480
3cf2b33e9e01574f,640,480
3cfd8d1a8dc19e16,679,451
3d10469999653ce9,678,452
3d22eabbdc36b765,554,554
3d281cd4e2eac55d,641,479
3d4b1de3236a2ae7,640,480
3d5fad90706bd76d,640,480
3d60c7c546ccab76,640,480
3d7a9b76e4a14db1,677,453
3d7b3f5affa20c8c,554,554
3d8264239bfedad9,480,640
3d8b56aee4f87373,704,435
3d9fbba086653aa5,678,452
3da1c9ad24d66c04,738,415
3dc217d78747fa15,634,484
3dc26c257e4d3d9a,640,480
3dc97071ba03f8f8,641,479
3dd2767e9d5d83d8,739,415
3de993090575e1e1,452,678
3e075c23fde7edc8,598,513
3e2ccde1261061fc,678,452
3e2e0ae41f1cc626,679,451
3e41121bc185611f,644,476
3e7b8ebd2dcbba32,640,480
3e856829e6b74d1d,479,641
3e97152fc882738c,452,678
3ea0739106e065a6,640,480
3ebf5fa7eaae45c0,640,480
3edd6e3b2b30f57e,678,452
3f0cfc0136335c65,480,640
3f268ccfd399a8ff,678,452
3f2be467516b7eed,640,480
3f40f02d9827a692,640,480
3f476bc1374dcace,640,480
3f7c741f9b39d240,640,480
3f83c82d01dedb91,640,480
3f8d419180fcb573,680,451
3f8ece6283f3c56c,887,345
3fcbe523440570d9,640,480
3fcfd2eecfd13213,452,678
3fe0ed7d53536a07,640,480
3fece467cdee7eb4,479,640
3fed8dd5718fb2d4,739,415
3ff5328a07b18c28,480,640
3ff85554115f8cc2,451,680
402af2b1d710c887,480,640
403c298cda213129,678,452
403d9d15d13c8093,668,459
403ebe00ae583bed,640,480
4049125e5bcc5f60,554,554
405dba9ff205ca83,640,480
40782300618ab6ea,640,480
40b1e60462b975ee,477,643
40b74d7e6c073f52,640,480
40b927705f74c053,480,640
40eb7b75928b7955,640,480
410ffbca20263c04,678,452
41138715e0b7695e,480,640
411ebc4159432cab,452,678
412f42d5a511fb4d,645,475
412f85a91d5fb9e9,640,480
413cf7c3da903213,451,679
4144436bb9891da6,640,480
41527b065897a6a9,678,452
4155fe9785d884a7,677,453
416cc6ddf5e3a8f2,640,480
417c758c430d3b34,739,415
41b74457569c3d77,640,480
41c9a881abbd32d6,451,680
41c9f4a8ab51f510,640,480
41e1029c92552095,641,479
41eb3c7cbfde9f48,640,480
41f0af6bd5f6c932,640,480
420734bd51eb600a,679,452
421d21e008200bd9,480,640
4227bf79c7da30af,641,479
4233046a6f7313d8,640,480
4236641eddcfa9a1,678,452
4256f64c3114b0ba,739,415
4276248a81d6d4e1,554,554
4295c83284493435,640,480
4296c6bbed0d3553,480,640
42b991d9d908b5fc,640,480
42cdf62be2cd206c,677,453
430696940d7ec90e,680,451
430764811e41cef3,678,452
4311a68f5eeafc07,680,451
432313e44b40ab87,680,451
43308b17dbde2729,739,415
433a6b2a5bf8d0e7,554,554
435a3edf6cbab131,640,480
436541dd8bfa9c70,640,480
43675e12ca72b26f,640,469
438970f282929dbe,739,415
4392a45d4725388b,480,640
4396ad1640d10501,681,451
439c97a9922ff036,640,480
43a944d538f4d471,640,480
43b78bfa9b78d66f,738,415
43ced7bd90636236,640,480
43d0f8971e50ac18,641,479
43e5b15c095c5b60,640,480
445393a1ec88f1cc,678,452
445b2eba287dd5a4,639,480
446da3717b9775c4,480,640
448e8aa2b7fc9df4,641,479
44abaf04b11b0bd3,554,554
44eaa4c39b59facd,640,480
450dc8db3bfee2c9,656,468
451da01b621c0988,452,678
453078553cf9f56f,479,641
4535e7d2e12f91f6,640,480
45461d8e9c8f8d39,640,480
454c68f0cec1a8da,680,451
455585332fff34d0,452,678
455d9b74b7ed3760,503,609
45955cf0321db960,883,347
45a194fb1f1003e0,640,480
45ac5a72e5ec3f2e,640,480
45c9f6bf4efac632,739,415
45cff207c1a25fe6,480,640
45e77539ace27f7b,641,479
45f9e2c6f008f037,452,678
45fc8069f2d1c4a9,554,554
4619a463882565e2,452,678
462b79af7fb7cbaf,640,480
46331e014b010231,679,451
465a9b45a5a1dbef,451,681
4673b4d2b1f73f9b,638,481
467d2cd5e6e5cdc4,480,640
468055081d9dec72,640,480
4747484203bc82e7,738,415
47569992c536055b,680,451
4776bc40e4fe9f26,678,452
47812e6ff048ba05,681,451
478a7e6513ac2346,641,479
47b00378277dfcf2,678,452
47c74190bd49760c,640,480
47d5268603f008dd,640,480
47e21d3b62fafdc8,678,452
47fa104110ced6f9,480,640
47ff048d568062c4,451,681
480d7ac4493a248c,679,452
4814e44c3e50f48a,640,480
482c1b62496261cb,479,641
483ade136f9e676d,480,640
4889e72e0292c6a6,479,641
4893e29c882fcb9a,480,639
4898eb2a939f012d,640,480
48a211ad0792aa28,446,688
48a5c7bbbd8c5e51,554,554
48acf954097905f6,640,480
48b4fc329d8dc119,739,415
48b65d74573eef74,739,415
48bb978cd3a34348,640,480
48c8dedf2642542f,554,554
48d5232393f42b80,678,452
490984b5a87aa392,479,641
49135f224973c24f,678,452
4957b80857990d76,640,480
495b434b38a66129,678,452
496b018bde21dbbf,641,479
496dda72a44c9822,640,480
496fa2685bbb86ee,480,640
49a7af8531d65040,681,451
49c29738b20248a7,640,480
49c5d253b5a7ff9d,640,480
49d71f5910fb0d8f,480,640
49ee4ebe3dce3950,640,480
4a16463cc0ef199a,451,680
4a25f1fba1f6ac60,678,452
4a273dd6ec3efc58,641,479
4a682ca160c3e2c2,707,434
4a82af2f402f4b55,680,451
4aab93002b968500,640,480
4ac91d92b67b599e,678,452
4acbf9e942907ccc,678,452
4acf140baf27c62f,554,554
4afd86685cdd842e,641,479
4b03233bd0db4335,480,640
4b6de0c45f544178,452,678
4b7eadc0e5fdc980,640,480
4b8f015c907f87f5,640,480
4ba8f8bfd407ac74,640,480
4bcd99e6ce9e05cb,480,640
4bd161643913af21,638,481
4bee44348bae4289,640,480
4bf20fb66afa3475,678,452
4bf6267f5cc23de9,640,480
4bf7b2e9cbdc9721,453,677
4c0bb6c4d7754800,452,678
4c107214eb81077a,640,480
4c1f082ea5f31db4,681,451
4c8f87739eae0cca,678,452
4c9e04430c3f9cae,641,479
4cca0331051eb601,662,463
4cd513f2ac823f7c,480,640
4cd7691ee7b0ef9c,640,480
4cd819bad039dbd8,554,554
4cecfeefb15443b7,640,480
4cff3af1e869dd88,640,480
4d10fa3a0898af8f,678,452
4d17686b27bd13b5,640,480
4d1a670518ab565c,640,480
4d2a58389bc580d4,480,640
4d34d21663f55fa8,640,480
4d375418c1e8457c,640,480
4d59e01f5fd77665,678,452
4dad046c03d014db,480,640
4db5d762a73c5abc,641,479
4db9da983223cc99,480,640
4dbacd9fc2635e59,640,480
4dc5d6c869f367a8,640,480
4dd4ecd2137e4e18,479,641
4ddb0a9b2f7e3274,639,480
4ded985c48c6ceb2,640,480
4dfdc9df8d9c636c,640,480
4e0bdba01c23adb7,640,480
4e1967971a50a149,640,480
4e3bea0e5e194eb4,640,480
4e594d20ad2df3f3,480,640
4e5eeac8b27bd6fa,554,554
4e73cdf1068beb80,640,480
4e9f3deccce7ef53,640,360
4ef67ac4fca2ac25,739,415
4f245e960edcb1c5,680,451
4f36317f76d37fe2,640,480
4f443bae34545b88,641,479
4f55af633bb87578,640,480
4f67570c88634d15,641,479
4f6a83e30528e176,479,640
4f7690139c7e633b,480,640
4f8e444abe6d1c8d,678,452
4fb9e52892a01f31,678,452
4fbbe82d1c5a0104,480,640
4fcd7532594c92f1,679,452
4fd0e48966ed1ddd,469,654
4ff048cb21b750c3,679,451
501004da4062546c,640,480
5018f0cfe2c7dbdb,452,678
50655ac4371cb67c,640,480
5071b5642037dcba,640,480
50749863931007e6,640,480
5077cda50f5c52cd,640,480
507de7cb908bf6fa,679,452
5081c15ef8b247cd,677,453
508fecad83920413,678,452
50a700ff4e87b613,678,452
50b49c1bd964070d,640,480
50b8a355476a9cb8,640,479
50d937c166562a69,678,452
50e3dba138b19549,677,453
50e7a6280977e052,738,415
50e85d3e78a16fef,640,480
50fd5892e0aaf524,739,415
5130eb6f01510b11,640,480
513eb01f73bef79c,679,452
5140d8ea335918a1,554,554
514a005c4fc9c132,640,480
51610d9125a0ab9c,640,480
5161fec66a8960ac,641,479
516464d0b77b00fd,679,452
51ae7bf868b01f2e,480,640
51e64f6ceabb4ce6,679,451
52003c3883b8e0ff,452,678
524bec4688381d06,640,480
525ee0a4aaa2e61b,678,452
52703934c70f8b01,677,453
5279250e0dac3a5c,716,428
529730a127cce67d,640,480
5297bfb5391fcd37,640,480
52aae425a91f09a9,640,480
52ab132e9fbb13ff,680,451
52cf6705801a697c,640,480
52d57d0ad3897023,640,480
52f5fb78d15bbf92,640,480
52f78ca3a7751362,678,452
5301943bf0c51c01,679,452
5349c9682b1a5d7b,752,408
535547a4f4459378,640,480
5399c9438e6d62be,480,640
539affb5b252b664,720,426
53a96f0c616fe654,677,453
53fd04875e29d5cf,680,451
541307696f84d7e2,640,480
5415533b238cce4c,640,480
542c9a54f5399550,678,452
543a84c720cd372e,451,679
5444099c2d172faa,739,415
5453e0e7b4bfffa7,678,452
5467dc4019314117,554,554
5495ff2a8bc22dc7,640,480
54ea57b2f002f59b,678,452
54f5e66e3cb039b4,640,480
5511184a8f7519a8,451,679
55199ece2ced21c8,678,452
551c13595d987201,640,480
55275b6d928e7503,640,480
552cf561f0ed2b52,640,480
555e05b577d72ccc,739,415
5595fd493768dffb,480,640
5596944df50f42ba,480,640
55a44c2d82d43114,479,641
55afdc0c49acce4a,498,615
55bac85cb9f52a4b,640,480
55d2301b916cf359,716,428
55db5db2f3d40e7e,452,678
56078b13e6ff5c2a,453,677
56145db9bd2ff3a1,640,480
5641e6ad7d2600f2,640,480
5641f50993d545fe,480,640
56914983b7777be2,679,451
5692ed295e72346b,640,480
56a1e9f45b126934,640,480
56a8b2fa18b3711e,696,440
56b087c53b6c4e4b,678,452
56c11973de323489,678,452
57004cfc21f1e4aa,480,640
5712d134fff063f4,680,451
571669564d461f0a,640,480
571d934b14dc023c,554,554
5744c1dd541ae0d5,739,415
5749d22ab7c24802,640,480
577a5306984a425e,480,640
57901b83a69f3e4f,640,480
57b2598b5a956584,739,415
57cbc00bc6c1691a,738,415
57f94f44dffb085a,680,451
57ff2600005aa4ee,480,640
57ffb9574c12ff3d,640,480
582b9bb1a75d2aeb,739,415
582dd2aebae18bef,480,640
58348ddbf9eb2e84,640,480
58502926ff03905a,679,451
585096c7877bdea2,640,480
58529cb393d02e5d,640,480
585c224819a7f826,480,640
587cbfadd47c0645,640,480
5898a8ce3441baed,678,452
589dada0d7bd97f6,480,640
58c7e842a9a42bf9,640,480
58d258c2b9dd77bc,480,640
58d2c9ebd286dfa9,678,452
58d887bd0b9faa3a,640,480
58da6e4b687f9173,678,452
58e41826b656f5c5,640,480
58e4c8a04dcccd2a,732,419
58ef1c288fcf90da,640,480
58f8b4c98e47de0e,681,450
58fcd03e1bebcb85,640,480
5902905cc28f32de,640,480
592877aaddfeda30,446,687
592c11afceb3fcb2,680,451
592d2d4ef783a825,641,479
592d9f9586057486,480,640
594a2f6d73511c55,677,453
59564d9ec0b3d601,678,452
59604c064f2f96f8,480,640
59605c16b884d9ce,639,480
597c287f222083d8,451,681
59885afd3ab2d587,452,678
598f499b239de22e,480,640
599d68dc6ee25047,739,415
599f2353f03763fb,640,480
59acd4646a0920a3,640,480
59b6ac4ecf40b88b,554,554
59cdea466a71f186,476,644
5a11b54824f4f8aa,554,554
5a149d74731d8fcf,678,452
5a2ca01b68aa4f1b,640,480
5a4e303895582f91,480,640
5a65f6f83e486408,679,451
5a7fad21adae49e1,689,445
5a9251f044e3f154,480,640
5a977274b024c7f9,640,480
5a99aec5b365ef34,451,680
5a9a8074672c223e,640,480
5a9f2a6334c018a9,480,640
5acdde7e3cb11a73,554,554
5aeda7eb64004422,640,480
5aedbaeee418e3dd,619,495
5b016584433c9848,640,480
5b037fc9857cae49,679,451
5b37061c1514c7e7,640,480
5b3a63f2c338b936,640,480
5b53e6e6d0f3f878,713,430
5b86e93f8654118a,739,415
5b9e663a6831ec69,641,479
5bebc7c1a8067ff0,573,535
5bf0243f9bf6714e,480,640
5c2db20791a191ca,678,452
5c4e2e3325126c3f,640,480
5c585630fe0d1868,640,480
5c842ea39b26da74,640,480
5c9c65a628e8f585,616,497
5ca0c651d44aaa56,681,451
5cb532f838cf5a5c,640,480
5cef80437dd9c712,640,480
5cfb51f5d8dac915,701,438
5d049dc4bf4fb743,678,452
5d0bc0f07b602511,640,480
5d0c072c3ba838ce,679,452
5d1ff6eb76864cba,640,480
5d246094aba4c996,739,415
5d395d237e9d377c,815,376
5d800a8359db5326,641,479
5dadcfb84ed30789,640,479
5dd4d6073e03ea1b,679,451
5dd5cc2bffab9fd5,678,452
5de5c14ede9e240a,678,452
5de60feeb0346bc6,678,452
5df8c1d42709cdda,738,416
5e11ffe3449bc141,480,640
5e367a9038226ec0,677,453
5e36cfc39781b873,1092,281
5e441bb7f72fdade,554,554
5e5d9a3dc40bc66b,640,480
5e65b06b97ed874b,480,640
5e6cd6407621e931,640,480
5e6d0525d1e50b49,480,640
5e7462af64ab40d9,680,451
5e7bd7e80c8b22d0,678,452
5e7f8d69436480c2,640,480
5eb57b6cfe49bbc5,641,479
5ec5448c6bc4e86d,640,480
5ec62779e62b2157,678,452
5f0f83dfd9ef6337,677,453
5f0ffbe6d0590b5f,680,451
5f10a79567e630bf,679,452
5f17229cfabf8419,452,678
5f2e81481303ed22,640,480
5f4ea7c0198aecd9,683,449
5f53692a6c3493c1,640,480
5f82b796a28bdf65,641,479
5f8bfe07a1e17382,452,678
5fa2eafe9a2105bd,480,640
5fa8732e2d17e20f,480,640
5faa767cbd1ebf1e,480,640
5faf4d386d5754e1,640,480
5fbe9c7ac364d8ec,696,441
5fc4c61f4f8956ff,640,480
5fc539471496cad1,679,452
5fd9d527f9dae577,480,639
5fe0435f789bc9fe,678,452
5fe17a11648c0a55,640,480
5ff986d798b66134,677,453
6018e0403ce86656,640,480
601f47f5b112ecf9,739,415
605bc39b5adb3800,639,480
60621d4ff917533d,452,678
608a31ce4a82c202,640,480
608b4fe0627ecd29,678,452
608c3dd0f3cec00e,641,479
609e08b03f3b3512,678,452
60a28402f4388a73,451,680
60b42b2d28b52378,678,452
60ce1b7b6182e9a9,640,480
60d3d1187a4bb7eb,640,480
612b091c002a2218,480,640
6141f4d1e5272968,678,452
616bfb1fbe289671,554,554
61898f119901234d,554,554
619eea4ae74f3773,678,452
61a908edbe6d8b41,640,480
61ab3979fb9ad758,453,677
61ab6984ed493d72,480,640
61beb5f715558e10,480,640
61dbdd7b521eaa30,678,452
61e38615a76d050c,640,480
621e7a9b39353d50,451,680
6242f9d119f63c8d,678,452
625ab726362e8dd9,640,480
626bb5c62c679e5d,491,624
6283116cfde6bc51,480,639
62a375de34955c5c,640,480
62ab063a5e0a7396,678,452
62b3f8f393bc5b07,739,415
62c8afe6a30e882b,640,480
62d381e4cd553690,640,480
62d880ef8b10536d,677,453
62e8103cd026f08a,678,452
62ef71b7dc0b7f9d,640,480
6301762bb246bb9c,739,415
63066b5ed307e681,451,679
6306c49d3cfb7706,480,640
6314f25dcad6f052,480,640
6315939ca241d168,738,416
63307c4ea3807797,678,452
6332e6c375e51f9e,640,480
634e7c7363332099,640,480
635712781543cd43,480,640
63703eda1367452c,480,640
637705c48f5c1e35,833,368
637d03d21b0286b6,679,452
63882f97d2217943,678,452
63af44d9b761e61d,554,554
63b14a98809b59cd,678,452
63c62bf86e03f5e4,640,480
63dfacd23b919f97,547,561
63e313da071aa483,640,480
6409f047ec4e520f,678,452
641e64d110d6fc64,480,640
6436154e7a5545fc,640,480
643f0932ad686d92,637,481
646bdd129de65796,452,679
646e2f224466b8f1,641,479
64740ed112f54404,678,452
64799117f61f0f14,681,451
647fe5d03ea65539,480,640
6498ade66e3631ab,678,452
64a0dcdba3bbc194,680,451
64b07a97f4765adb,554,554
64b43c8e7e18f9f7,640,480
64efe370d44df16f,678,452
652261ee5aaea6e2,640,480
6532977b55564ec8,640,480
654090f79b39037f,451,680
6548732ddd48efee,641,479
6554f57d27cf8c57,554,554
65593d427576955c,550,557
655d82e07d8c01a2,408,752
656f43f7f0d1542d,640,480
6581fe58f6bf9f86,415,738
6584dad4a752a26b,479,641
65937f11a6a76c12,678,452
65c6b3faecea5316,798,384
65cccfcaeb8b94d1,640,480
65d11302b2f7d6d1,640,480
65d8d3e698c9e10b,640,480
65f4d54f97e2759c,739,415
660388122d5fed7c,798,384
660ce84f6af37c5f,680,451
6644a60008b26458,640,480
6657ffd53824b409,452,679
6665bf915f9a1daa,428,717
669aed3c029f4245,812,378
66a0b49d3b16ba5d,480,640
66b34879b1e95bac,681,451
66b861829d5fb437,503,610
66c47c88ddd2fe6b,715,429
66c4d0166ab69e22,451,680
66dcc06f4a2c1d03,678,452
66e99a3b2e3ad0c3,678,452
672eee07a1bc7376,640,480
673ed41d92ed497b,640,480
6742a0a01dba5ae2,681,451
6742ab8aa1cc98d2,640,480
674f128da320c4df,678,452
67539161ba0bc219,452,678
678e97efa0dcb55d,640,480
67ac4a57449f12fd,641,479
67c9004ae5cc0aa1,451,679
67d8fa7c29029528,640,480
67fbeff47f8c354f,480,640
67ff27277aca273b,640,480
68069d465c8d677f,678,452
6812ecd0a463e5cf,678,452
68156c0976747d94,700,438
6815e59981f94e07,479,641
683d0b4414e0b2f3,716,428
684d4b17e6b2b2df,640,480
685f6ab75b62b8c8,640,480
68682f5cd72aa49d,781,393
686d43d57ba43fcc,480,640
688700cdf3655616,640,480
6888ec9a948b528f,452,679
6893b73b40cd26cb,640,480
68c58aa112768186,678,452
68cc2ec67acadf85,640,480
68d29f0cfe494d0d,678,452
690036e902e6d098,453,677
693bfb22a772e7a8,640,480
693cbbbb38e30743,679,452
69409713958604c2,678,452
69412b77c5451883,640,480
6941a027433ac7b4,480,640
6946df09fdf50b9e,640,480
694967bac4689fc9,640,480
694de3e8696a8657,641,479
6954456e61b1b10e,679,452
697a23a317599abb,640,480
697b71a64c738db4,641,479
698bb42a6946afec,641,478
69bb8328d799441f,739,415
69c473ea3fb644c3,678,452
69c585b2a529af93,641,479
69d18345d1b8dbb4,678,452
69e47105e85454cd,678,452
69e8d29935f9b3dc,553,554
69f484dc518d1d0a,679,451
6a02e6ce19f7a925,452,678
6a20677eee04fd08,676,454
6a2f8c186f7b9147,554,554
6a66c7251d56d52c,640,480
6a82bc8c2743666e,451,680
6a8a82c16615d73c,677,453
6aa1c3f3b3956954,640,480
6ac3142b2b29ab6b,640,480
6ad5cf621e09301d,716,428
6b0adf9cd28d9a28,640,480
6b3e65c6e4c16bfd,400,400
6b4a598fc0d4cc11,680,451
6b8b527a9b230af2,640,480
6b8f3533c5bd42dc,480,640
6ba7f7ad663cc9c4,678,452
6bba6eedf656ae6e,452,679
6bbcfa9fecea9a81,678,452
6bc17e16228c12fb,479,641
6bc8b74bef6ffdc9,640,480
6be244c61a761336,640,480
6c096fb0cafb8c4d,679,452
6c1a4c50250df2d9,640,480
6c2d44f9a68bbe96,480,640
6c4677a4762b101a,640,480
6c490b0f70e9d42b,554,554
6c608a543a621752,480,640
6c62d80e3ee868dd,640,480
6c6bd55413d228ed,640,480
6c6eacd3be5931cf,655,468
6c7e18c6a226cd3b,640,480
6c82dbfb56d70187,640,480
6c906fe112f15285,640,426
6c9e6b8019efad01,640,480
6ca5fb4d1a5cfe53,480,640
6cdf18e9ae53aa35,678,452
6cdf1eadd257782c,640,480
6cf2dfab8495d767,480,640
6cf3b0c0a69d49ec,739,415
6cfcfb82c8c80c28,480,639
6d2f86456dac3f2c,680,451
6d4783212cb07333,680,451
6d5b7062f2b1441c,641,479
6d5f3a67a72feba1,678,452
6d68c010d381b6da,826,371
6d726a1360351c9d,480,638
6d83931118ed888e,640,480
6d8e83bdb15c9a5e,677,453
6dc43511d5d4f597,554,554
6dc99e4788626798,596,515
6ddb2c4d2549bba1,640,480
6df0e8c47e6dce7d,640,480
6dfdd94dd8239291,554,554
6e0fdfabfb41a9b9,640,480
6e154f8bf35ed049,679,451
6e2cf11fc187e7ff,480,640
6e36814f093544b3,554,554
6e458d9088a43169,480,640
6e4a090636d602c0,680,451
6e4af0f4fdaab6e6,678,452
6e4f27dd62eac455,640,480
6e632b424c3734ad,686,447
6e65246a225f255d,739,415
6e8c4cbfbd596121,480,640
6ea73cd35be1e4ce,480,640
6eadaea45d86c5f8,739,415
6eb4e278849bd523,677,453
6edf478ebb05c2da,640,480
6edfa0f58765e139,501,612
6ef26d875ac4caf2,640,480
6efacc82b2c21024,640,480
6f19ec1f1afb688f,479,641
6f1a1845a83fb3cd,679,452
6f1aeba0404509dd,641,479
6f1c4ea262598dcf,677,453
6f2304d2f4b6ebab,554,554
6f2f0cf8a9076421,480,640
6f32668f51ffdfa0,678,452
6f495f6d8f0612bb,452,678
6f76b4c1f1b56cd2,640,480
6f9f9fbb56fdb1e8,480,640
6fa0fefa1e7878db,554,554
6fa64079d13794ad,678,452
6fbd5e8112a64c6e,680,451
6fbfaa04f96fe365,479,641
6fcb6358a475945f,531,577
6fd3c162733814c2,640,479
700684f98978c720,640,480
700bcb474d8d9166,882,348
700ffe6948cf72ed,640,480
70103f1617325868,554,554
7010cd7fce91e874,640,480
701ba610e538c42f,678,452
70372d9f4212fca0,740,414
70480b6f90c243d7,641,479
705178895adf269f,641,479
705fcc955f83eabb,678,452
70610b453c7eb681,568,540
70754ff08d0d5cea,480,640
7081f1586be1f6a6,640,480
709a0b6e58f6a035,452,678
70a4f613cafddc27,640,480
70bb1955b1461606,640,480
70c0984ef199b0aa,640,480
70ef54759e2a68e3,739,415
70f5feec38edf0b0,640,480
713a73f9f4920966,480,640
7156fe1da054a44d,681,451
718904895cbeb466,632,486
71a2ecabd5efb9e1,554,554
71a3e25896ec80c2,640,480
71a5f9dd92c4bbcf,480,640
71c1b96788c90f3f,677,453
71ecd7689ad8de0d,679,451
71f118b4354b5ff0,750,409
71fd1ad6ef905b69,640,480
721a00048caeaf74,640,480
72433840538f5385,679,452
72449e9e21c1aebe,656,467
724864ab6e213713,640,480
72620bd03bb3affa,480,640
7281b8bebd05b889,640,480
72876311caf60e11,640,480
728b279636a233aa,640,480
72ab355a890823b1,640,480
72b31e95b5bdf192,640,480
72c4d4b771034d04,678,452
72c62dadaef138a2,679,451
72d6425ff2e3909d,680,451
72e7c4f384c49ce4,640,480
72e9661d0e216283,640,478
73011ce2fac3e183,640,480
731ce2ec3c74ecd8,738,416
73265a6c10c3940a,480,639
7331899dee530704,677,453
734de6091b2489dd,640,480
7351faf9c1cd3732,561,546
7354a91ef1113d6c,640,480
735c1c90edfb1fbd,640,480
73668864a4fe23ca,679,451
737dc5ccd25a4377,738,415
7388db7207a3d9cb,640,480
738b831bf00067bc,679,451
738c14e5b5b94c47,479,641
7398a811456bb9fd,640,480
73c868156240fc79,640,480
73d60583f257f999,640,480
73e40b22520f5b3b,640,480
73e4e1e2cdcaf152,640,480
74226dea2d824592,640,480
7424f8069532341c,640,480
742b427f1fb85179,680,451
742c7a16f9b954e7,640,480
744be719e07ed1a5,451,680
745c3a00f4200313,739,415
746c049dda3ab724,678,452
747af27bee10e0c7,678,452
74af7e09a0b7ee85,701,438
74ba32c5227b2dbc,480,640
74bb35ba9f030d5e,640,480
74bf4f1b219d83b1,480,640
74e45f4a2dc3d777,480,640
74f94963ee1e135d,738,415
7515d9c73dfe90d0,640,480
7530fd4cf75d36d4,480,640
753fc6a8c14e0c06,640,480
7561dda26fffe691,452,678
75628bdc73ee0573,554,554
7573f01bcf98da40,640,480
758136422d4a49aa,739,415
7585e72c34132ed0,644,476
75a8ebf02aea1364,678,452
75b5b9d5bc675c99,678,452
75c04eed7966e27b,640,480
75c0d92f037832cb,678,452
75c0eaedfe8ab07b,480,640
75d952f2efdfdca4,678,452
75d98387edbe3cc0,452,678
7606418ee8e8ffa9,640,480
7620aab0e1cfbed1,716,428
764151de11b3e11a,678,452
7641837eaaca5bc7,640,480
76475e7ad5805350,640,480
764fa8e413926f04,480,640
765d240c3e1ec2ea,479,641
765f4c8e5200d7d4,640,480
76626530054aebc9,678,452
766de0978874e4ad,641,479
76738ab077d79bea,640,480
768196dfec60be02,642,477
769aa1e453ae265e,452,678
76a2beb185bfaf3e,640,480
76ba9371f420e6b5,509,603
76d0c85cd84df7d5,640,480
76f96dd17df03db5,640,480
77037329acabdbbb,640,480
7705de6441b5d318,640,480
7706319e1ff8b217,682,449
77088df8c484d134,738,415
7728792959779b46,640,480
7730f288b2c27903,678,452
7732bfdf83f06a72,678,452
776ba3431927af9a,522,588
777cb6c57685cdcb,679,452
77851e03060f5c9e,716,428
77a6489e7182a545,681,451
77b10134ee714765,451,680
77c3c93a8c68742c,452,678
77f5a4c39be2c06a,641,479
77fd59d783d49149,739,415
7809a3b2a8482e1f,738,415
780df2e2e45e02ec,640,480
7828457c3b20308d,554,554
78398d10a724e0cb,911,337
7871ad04a2a85451,680,451
7872f3e93140c2bd,641,479
78830cfb2efba89f,640,480
789722ef500b380b,640,480
78a6be1a074df9ef,640,480
78bd87a1a3e79191,739,415
78d0acf9b9fddae1,320,480
78e9f08dbef50a55,640,480
791a337673d37ad1,424,723
793adb33d74b40be,640,480
79415dc7cfc550bf,640,480
794a95bdaf8bd600,640,480
797c1a4cd5e254d3,452,679
79888a70d7e8349e,640,480
7992d5f2188a5a3e,640,480
7994bd2474e5887d,640,480
7996189cf2506a6a,640,480
79b4a0d765d50a1e,678,452
79c39a38e14cbee7,679,451
79c3ac2d82f9cb77,452,678
79d1756ccfdfd14f,508,604
79db7d69482f75bb,739,415
79ec54f42437475f,678,452
79f8800edf6a3605,640,480
7a1e1e93bf81a6ba,480,640
7a44c872f1b4ba88,439,699
7a4d094972beb708,451,679
7a57af23f28b7ae5,641,479
7a5ff4c555b6dfae,640,480
7a60e5410980d28c,679,451
7a6f91e39b9df09f,639,480
7a749ef786ebf611,640,480
7a846569ed662bc9,480,640
7a9c76bef24a6a74,554,554
7aba4907b1fdef1a,480,640
7ac1cc63318ac60c,640,480
7ad0d045d2889f6f,640,480
7aeef7ea7f1e565a,678,452
7afcb59f6bbcd2db,678,452
7b019af4cec24656,680,451
7b1103da1795c95f,678,452
7b46bc41799aec01,640,480
7b5516264a62179f,640,480
7b714f87e7948e02,679,452
7b91964d6b53d35d,639,480
7b960019fb6d78c1,640,480
7b9c7839f28f6a24,679,452
7ba496c0a26e5e34,640,480
7bbebeb3720ca511,640,480
7bc2aad5ab6d0a80,940,326
7bcd9e32efaba67b,480,640
7bd889a69dcccb42,640,480
7be8584d6e30803c,737,416
7c05762a55ce6d8f,678,452
7c1e5cda0213d223,677,453
7c460df96a4c4894,640,480
7c4fa4889f79cace,640,480
7c56844482223b6d,640,480
7c65860c8bbb79d5,479,641
7c7de6f79f842b10,554,554
7c8247011e5c390b,679,452
7c920772719210f0,678,452
7caba0f744026a00,679,452
7cad20daa647f304,677,453
7ce3fc821585fe0e,739,415
7d10b8e054adf99a,453,677
7d1cb6eec3e2d13f,480,640
7d29357e57113f81,678,452
7d4a22b3d34dbd79,640,479
7d55e0f0414b09ac,480,640
7d7f290216b51d1d,680,451
7d7f9f010b8d3059,680,451
7d84b9c9e9e1bc18,739,415
7d9bfada1a15d6eb,480,640
7df6538ef8db7e25,681,450
7e1eff0868be2ea0,678,452
7e24001de2ee4dfc,640,480
7e295288b9607043,640,480
7e4d7f86f21b29ce,495,619
7e619a0f47a99354,640,480
7e7f4d365c0603e0,739,415
7e883de4bb070c5b,798,384
7e93b527286990e4,687,446
7ec21fc26d378889,480,640
7ed897e16cdda6fe,480,640
7edf91a48c4c1117,642,478
7efd9c3dba023ee9,679,452
7f22a3fcaae9203f,480,640
7f2bac407a8c6f95,640,480
7f405a1b50aee801,680,451
7f643602cfadc83d,480,640
7f655481119befbe,640,480
7f6b9e354d3969be,640,480
7f7215add408832e,640,480
7f859a6b873fad13,678,452
7f8bf3a6eb66f9de,644,476
7fa35a741f9d98df,640,480
7fa47560ee92984d,640,480
7fb71e3425c3dd4d,452,678
7fde1896961ceeae,640,480
7fe0d0e7cad51cc5,679,451
7fe9fc34b8966f46,679,452
80099db469317673,700,438
800f3f99eb51ef85,415,739
8012e866173d5af4,679,452
801d84cec44e121f,722,425
8020c3e221dca57f,641,479
80223b8182b66942,728,421
803a09ebc20c01c3,739,415
803df0dee9e9e1d7,451,679
8059067bdb0aebcf,640,480
80611262aa320134,739,415
806a7b823f458288,738,416
8071b1735f64df67,678,452
809da360daaee631,678,452
80ede445f3875383,640,480
80f01b2cedf0304f,640,480
8116e08169ad7c5f,678,452
81215d676e654a93,640,480
815ad257aea3efbb,678,452
8163cfec8aa8a7e9,679,452
818543fcacf11bed,640,480
819f8cbebc369ec0,641,479
81a540a8b12bff0d,677,453
81ab58367d46760e,641,479
81ae90958043ac70,679,451
81b734d9138ca290,396,775
81dbe45528115fec,679,452
81e508d43c6f41c6,480,640
81ea2f181e145b33,640,480
8214fb2cec72142b,640,480
8251c2d9ae2a489d,479,641
8255bcf627e2382e,640,480
825c6b8b4f8ea84d,953,322
826043d73e8f64e8,640,480
826a80f088723ddd,678,452
826c8f84622569ac,716,428
82731f44be027601,678,452
8275eb9a41a81c5f,480,640
827d713b4f67978b,678,452
8295c8319202b034,678,452
829c12594ed2ac8d,640,480
82a4b964d4795655,641,479
82c9b372701abdbe,640,480
82d43c08789212f1,716,428
82d5114ce48a3fb0,480,640
82df4bfd56f5eb18,640,480
82e6d17112cdeda6,678,452
82f1770e23978fad,488,629
830af550ae50bd95,678,452
8313647eee71491e,680,451
83317bbc88770a63,476,644
834425d23beab88e,640,480
8367c62dac18cf8d,479,641
838932fef9f0d687,715,429
83a643e6d95b9ba3,639,480
83bca13211153675,677,453
83d6c65462df4642,639,480
83dac624e5113073,480,640
83e57a1aaa66dc02,672,456
8400c5a8dc2d90da,640,480
8424d4171d3028da,476,644
842ae984331d1372,480,640
846864181ee04350,678,452
8488752e01c46f89,480,640
84b285796773314c,640,480
84c09e977a783b8a,554,554
84cbb687f70825d3,480,640
84d6306f32e286ae,678,452
84e7e337d63ca0ab,680,451
850956854598c5bd,678,452
85186c0b6b6ad2dc,679,452
8536b5c4f98a3927,453,677
85377430e6f1e1eb,640,480
854a5db473a37cd9,640,480
8553be66ae668317,478,641
8556c00192f46c3a,679,452
855cb712da8f01c5,452,678
855faeb4f36baef6,451,681
85891f73f941ac0e,678,452
859279678365f6a3,678,452
859b6e44ae572ad7,542,566
85aad151ca55908b,680,451
85bb148dce72b48c,640,480
85d27d82016f5f3a,554,554
85edcedf4df80779,639,480
85f3f14544ba4c96,640,479
85fb575ad83a652c,640,480
8618209683cbbf53,678,452
862256ade04c6faa,640,480
86272b97d6ce8713,641,479
8633773674a709f3,640,480
863b2edd25335cae,677,453
86566ac3e94e5d68,480,640
8679d3e347a759c6,480,640
8686c19ef9252f48,641,479
868f7da8bd8ec950,554,554
869e082420c26a69,554,554
86a61804df745027,680,451
86a857f0fad83f13,681,451
86af90e19ef983e2,640,480
86b2bc2186433cb7,554,554
86c5d51dea52f691,640,480
86d1519e961e4d90,480,640
86e17b05da26720a,640,480
86e1c5037c627f75,739,415
86f532a8f1cb7538,554,554
8712a3e78e6a7612,739,415
871551a50c39bf6c,747,410
8719d979f72d838c,700,438
87385cc9b0c65bdb,640,480
873906fe44ae2051,479,641
873d8d57dc03266e,554,554
875f979c6963fbc8,452,678
87628dc722727edb,641,479
878137edb6667073,641,479
87a41581b8a81106,679,452
87a6e2ced66008ae,640,480
87a8d6a64a5ebff2,640,480
87b1fa47c3ed5a92,680,451
87b29e948f48bd64,679,452
87b870791beab9c5,451,679
87e11c01af941ca0,640,480
87f3010ded4bb742,640,480
882a1c68f37df0ec,680,451
882ff232f29ff9ca,619,495
8849228f76b1e56b,678,452
884ab313fd8be9dd,577,531
885e3a994208920e,640,480
88856bece7ef58bd,480,640
888b626759e95d02,640,480
88a078b4807935af,640,480
88a1b6d42f7c33a3,640,480
88cfdb6f3d1fe14c,480,640
88d6a208163b99f9,680,451
88e57e9fb9c862cf,640,480
88fa922828cb441b,640,480
88fcf69871c2e582,554,554
891d827b61cfbcd4,640,480
8928583dc3a8a612,739,415
89440549d94ebf98,640,480
89501fedab519b91,480,640
8951b51fbd56881f,641,479
8955b95e0bb19a73,739,415
89677b56c99aac58,859,357
896a8aee42249cb4,451,680
896e3f5f2425a7ee,640,480
897b96f7eb5410d8,467,656
89a8cca68ba8fb7c,480,640
8a21c28e4f4786e0,697,440
8a2d854705c6d3bd,677,453
8a39597a4e39e988,640,479
8a5556c0389f3bd0,641,479
8a603b7b70d6224e,640,480
8a8fa55ac07522e2,480,640
8a90d5637d5018c3,452,678
8a960ee9ff5953d8,640,480
8aa50f80a4cc3fb3,640,480
8aaad63f0eaefe33,565,543
8ac0c9c41c514b87,690,444
8ac465296a30a14e,679,451
8aed419bc285a228,479,641
8af6d737526f3b2c,573,535
8b08690c2f1e57ac,739,415
8b1f171e8b19699c,679,451
8b305eedcf5dae91,640,479
8b46fb83b7bfd6d7,469,653
8b633d30b014f7b4,640,480
8b648f4ab70681ac,640,480
8b65c195543cbd02,678,452
8b78f5c77b5d2cd0,640,480
8b80ba45f761884d,480,640
8b84b3d6a6cb1aca,640,480
8b9016f8f5ae7871,641,479
8b9f927ba10b27be,677,453
8bb459f91c3d43d5,480,640
8bcc494297f82689,480,640
8be076c2053f742f,562,546
8c243e3bad2bf015,677,453
8c42e85009679a08,640,480
8c5db4da32a277fa,641,479
8c9f396d95e83f39,640,480
8cd50e89f22873e7,480,640
8cdb51946a1ee30e,672,457
8ce3b0f8d027937e,640,480
8cf66ee6bfca5fd3,554,554
8cfe5e4ae8eeed6c,640,480
8d05baee5969b212,682,450
8d12a7b3adeb2d0f,715,429
8d1732779f3f4dee,640,480
8d185506d4b6729b,640,480
8d1fe5092126322b,678,452
8d3ae84066e39d0b,679,452
8d52d1b5232437c0,451,680
8d565891298d8f94,640,480
8d580880abc39725,640,480
8d5ce6ae1dc2944a,678,452
8d9c7324496a3255,678,452
8db7114cc5955772,640,480
8dc2a6db0d097a78,640,480
8dcd3272c9122b6b,678,452
8dfb8d403a1dd97b,452,678
8e0439d3a477e470,641,479
8e0c137c8f833dbe,681,451
8e0cb0b04edf5082,480,640
8e2088402665b2ec,480,640
8e22dc5e1cd874a2,640,480
8e4b800097e00b1a,640,480
8e52328d4bb6a83a,640,480
8e8d8b1d926530cd,452,678
8e9364a0587125d5,640,480
8e975f69a8bf4d4f,678,452
8e978389333235ac,640,480
8ea6613589b77de5,640,480
8eb1e4db743d5497,640,480
8eb39967343b737d,640,480
8ebacd38c08d0a43,640,479
8eeeeb4b9c72021d,554,554
8f13323d442e7279,739,415
8f1ed34f28ca5cf5,783,391
8f1fb165c8c8ca0e,678,452
8f43511c93b55f66,554,554
8f4ac4f21521357c,480,640
8f6c81d9c33cbd46,452,678
8f70ee9ebc91fad6,681,451
8f9443d2228c2e6b,320,240
8fa8bc81be05bb2e,480,640
8fb1ae9fd278b5d0,641,479
8fb58159198b3f67,640,480
8fc901c93ec4a5a4,679,452
8fca5248a0e5d015,680,451
8fd024c48ed0f8e9,554,554
8fd55dbc061cd741,640,480
8feff91aff10aa11,640,480
9004dc79a9f579a1,480,640
900ebcc511b9bbe4,480,640
901cd3263d0b3104,480,640
90329968fce3f963,554,554
903496b5165f676c,678,452
9044d6abaa6196a4,601,510
904e77c942203782,480,640
9050604b50fa4b56,640,480
9062daf97a40e5ea,479,641
90799ab33dd1c38c,554,554
908ecc2b2d077f4e,640,480
9093bc26ae328160,678,452
9094a8c2452b9048,640,480
909767f4d2d06519,452,678
90ab5ccc39bc5090,641,479
90b28186ee964ea0,639,480
90c14c28d240e831,640,480
90da82a1eadb29d2,738,416
91170a72b67b0ea2,640,480
913b67b82c41dfa9,678,452
914679c643da1854,678,452
91498a3e002919bf,554,554
9151efee1f24cba2,640,480
9169bb86cc3244ec,640,480
916dacb33f19f31e,640,480
917bfa517e61b26b,640,480
917caccf7daffa4d,678,452
919033a1af58c5d7,640,480
919620f751c3bc4b,554,554
91a319a62867489d,640,480
91a5df56c573edb3,680,451
91a789236905d5af,554,554
91bc68d14572eaf5,798,384
91c70c1d81e608fc,679,452
91f6883f5c76750c,685,448
920cad2819e4bb3f,640,480
92157226691247e1,678,452
92392fd5f74e88fa,678,452
928071d8e61c49ef,667,460
92a05856107efd17,415,739
92b1a12525a33da2,640,480
92bd03ebdeacd90b,479,641
92bfe7bbc5a5579b,480,640
92c16e0a13fbd5a0,480,640
92c54267ad3ee488,678,452
93158bbb5991698c,640,480
93370beac4c28e00,640,480
9340093d3baf9b75,640,480
9344f1f2e416bdea,681,451
934de1b00caf03e8,715,429
93510ea1dfb7d098,640,480
9354c1c9009a0924,452,678
9372eaaa59f184dd,480,640
938257e29cdc9061,480,640
93a2937a584ec475,641,479
93b80d6a519c0f42,679,452
93b85e90e434371c,479,641
93b920569940f444,678,452
93cee5e418ad8454,640,480
93e7061ec59548f6,640,480
93f184081da54500,678,452
94105ce495936b37,640,480
941637b0a39cdb58,640,480
941f43aba6e11144,640,480
942f5d9f967fd541,640,480
9436ca6714115ab8,640,480
944428c384f681cc,480,640
944707c24b36589a,479,641
944e3f824e97ff00,640,480
94827c2b339acc8a,640,480
9486103c3ccc9c94,640,480
94889e7611c0c9e9,871,352
9489452fafb5f098,640,480
948da0726d2f1091,678,452
948f01d49982f85b,480,640
949ea7c91133330b,639,480
94b0c975a489f4bd,640,480
94cb1f9a761f8f90,640,480
94cf28ebef1ad307,640,480
94e5bd97f14cdee4,640,480
94ec8fc6a404d95f,480,640
94f5a86622542566,677,453
94f6dd56626ac24f,678,452
94f7b61adb3f5e32,734,418
94fa027d46bb505d,480,640
9501f235b5661445,640,480
950e1e82793e5fac,640,480
951ac5ed4887e720,640,480
952880f7b18184af,478,641
952e2811f9d62b08,554,554
956baf36170b4e66,453,677
956ff0644a42651d,480,640
9582d35a3441407b,678,452
959d3873df042f56,640,480
95a1ed5eeda072ae,640,480
95b024ab82a3431b,680,451
95b4d844bcd395bc,504,609
95bd72f156768b42,480,640
95bd76e07d74f969,480,640
95c03f8446250e25,480,640
95cb968fba4719b9,554,554
95d97f6141a037d7,1075,285
95df966aab51842a,678,452
95e1de7e3601b4fb,640,480
95e21c3be1d7f27d,678,452
95e4d236be42b088,640,480
95f11f6c9e69e3d4,429,715
95f133d317823953,739,415
9622182bf24931a5,640,480
96390385225f55d5,640,480
9666a58586dd1db6,480,640
968f448c99964352,678,452
969e27cb5394c3d8,415,739
96a91e569a10d10c,640,480
96abf620e83ed677,641,479
96b5014bff9872da,466,658
96b9579cd2e97de7,678,452
96c1513d556b12ff,739,415
96c1ccf4f6787e40,701,438
96c2b5f45316a7b4,641,479
96ce8d59a90656a1,640,480
96f77c4d10d34e24,957,320
96fb8d2b69d60368,679,451
96fd0f444fb211d3,480,640
971ef55549119db4,640,480
97208b24b15f9b53,554,554
972e6712bd423527,454,675
9745d816fab6352e,677,453
9756dc817a007bf4,600,400
979e817d4af8383c,640,479
97a4c3128c33178a,641,479
97bc5d376fb33197,479,641
97cef5ec12995952,678,452
97d149fefc783e91,640,479
97d5b32498d7565f,640,480
97dc3733135a5925,640,480
97e2b555b03c2244,859,357
9806b1a075589b66,677,453
9829812868693ff7,480,640
982d533193a75a9a,737,416
982fa246ce3dbe93,480,640
9833e99007199d0c,678,452
9862593a52adba8d,640,480
9868071039e8ce52,678,452
986e489c675ab922,640,480
98894829171d77b7,640,480
98cd533ffc4b6055,677,453
98d040ac201ff628,738,415
98d15450013b9e84,678,452
98e6f9ee8c958a9e,739,415
98fbd215aeaf27e7,640,480
991cf4fcfb87ab36,480,640
991eb076e64e04d1,640,480
9928b8214c9c40c4,677,453
992dbd4d2d826a4d,480,640
993677f138488e7d,678,452
993d241872f222e1,679,452
993eb7b6f9add176,679,452
994685c495e631b8,640,480
994d59ce4196369a,480,640
9959abc95c4c9999,640,480
995cab4fbe1cdc24,678,452
995e6a43b6d68ad2,640,480
9964c3d03fc789b3,640,480
9965001cc88c944a,640,479
99694af6631b7742,744,412
996e4f08c8db6ff8,739,415
996fbd615c91a314,554,554
9975c35cdcd88028,640,480
9979f4162dc3dbbd,716,428
997de6ee3dbc0ae8,495,619
99980a8ceabb6f76,619,495
9998951a5c8b06fb,739,415
9998c4782abb931d,640,480
99c07ec00325ff04,640,480
99c151bc3046dca0,640,480
99f9dfb2d8d2b15c,480,640
99fd7bb792823a4a,554,554
9a0fd1b3658a8601,640,480
9a12a384d268fc06,479,641
9a1904ffd6e46a8e,640,480
9a1e92eac814ed9e,678,452
9a3e2e681157f00e,452,678
9a3e4f694ba64773,480,640
9a420932ca83c6b5,679,451
9a53bc165ba0c3dc,415,739
9a6caab414ec6726,452,678
9a80eaeb4459d9c3,451,679
9a8b333d8d6ff118,678,452
9a9c5a1a2c7f26e1,452,678
9aaa8b664cfc678c,640,480
9ac2d95c46c8423c,738,415
9ad6011a5a20bc0b,640,480
9ae2cb825b1d780a,677,453
9af78dea808bf2b4,640,480
9b027abe1b0a7ebb,641,479
9b2f984ffb5eccdc,678,452
9b2fed86e4d06f57,680,451
9b3481421a3d1604,677,453
9b3920cc731a7dcb,677,453
9b4dfa5f1247802c,641,478
9b5a5ceb45fc8157,452,678
9b5cfb63bdcd3667,639,480
9b667ef7660ebc9f,678,452
9b6a2cc2adba5668,642,478
9b6b3df50872a2f9,739,415
9b7d3bac487e21db,640,480
9b80e2c54fc6c960,640,480
9b83b37a7b0b004a,658,466
9b8b075fab291a72,547,561
9b8d8c387f3a14df,495,619
9b91794d298ab120,452,678
9ba5448f7c66c1f9,640,480
9bb04bdbf4d049bf,479,640
9bbd7d181df2513a,640,480
9bc11943424aeff3,480,640
9bcb12373e72c68b,672,456
9bce0773389e2a83,640,480
9c1447acfdaa5f1a,681,451
9c29ad5191f771c7,739,415
9c382551a27b482e,640,480
9c3fd3ff40b55819,680,451
9c42c996aa8d74b6,554,554
9c4b6a96b85355e9,678,452
9c6eb3ecb32f50b6,678,452
9c73ea1436958cbd,679,451
9c787ae38a308570,679,451
9c97158519400e3a,673,456
9c9f2ddd776ff540,678,452
9cbf57274602cd5d,415,738
9cf48cbbb6a59463,679,451
9cfd6da86fef65f3,678,452
9d078bcb1924cfa4,679,452
9d0ff4e2fc28ddb4,640,480
9d13f51684d8e9ba,640,480
9d1647d71b1e58e7,640,480
9d16e43d44c14dd5,640,480
9d29766d5f615d7e,678,452
9d2fde1667b2ff85,770,398
9d5ff360e8de54ad,554,554
9d9edb1c2daad900,738,415
9da01d0df14dfd36,452,678
9dbd853e7b288a4c,640,480
9dd50a1d071ea61e,640,480
9dd50d10b1703d6b,640,480
9dd55c9249a7206f,453,677
9ddc8ddd7f3e49fe,640,480
9e169ab9c309948a,678,452
9e214a1a3ff94448,554,554
9e2181bb3ddc6a88,480,640
9e2c1430d1452776,600,360
9e333ad8690222aa,451,680
9e3dfec0c496714f,678,452
9e4261b2d16a1dcc,640,480
9e4824e5bb3a784e,738,416
9e660f79d6c2b24d,476,644
9e6bf8c76213e3e0,640,480
9e747c390b4ab847,640,480
9e77438f3c6a27d8,640,480
9e7d9d5f00af836d,554,554
9e9141f43c9a95c7,677,453
9ea2756b355abee5,551,557
9ea8cdaf4d7e3afc,640,480
9ee411201b840aad,640,480
9ef11adc456aa12d,554,554
9ef17615efc16d84,681,451
9ef1fc55aad5f36f,681,451
9f15b4ef7f9954e0,452,678
9f3b2579d5f70311,640,480
9f3f8898be9fb537,680,451
9f449eab2f2d603f,643,477
9f57f1aa7e8ac223,640,480
9f5bb460a2eb4136,624,491
9f69b5646009b1a5,640,479
9f6f44504d3ce453,640,480
9f77f56ad63a534c,488,628
9fac3f3bd2dbfb4e,678,452
9fc4cded7b202656,416,737
9fcfd3453c24acee,640,480
9fefd4280ea16758,679,451
9ff01f86d357d3f0,640,480
9ff21146333888fd,640,480
9ffccdd892411732,640,318
a025dd3f23d20c96,480,640
a02a334f76b064e1,640,480
a041259adda42a96,678,452
a04b755c596d28fb,677,453
a055b4695a0ee2ca,640,480
a05743c7c76f02e7,679,451
a0811049a4a31038,679,451
a086941daff81dbf,678,452
a0873699942d9d95,678,452
a0b1d6afd079c50c,678,452
a0c8d6201e001326,640,480
a0ca8586ef0cec22,678,452
a0d67f9a0bf5d6cb,640,480
a0da242c21a9cf94,679,451
a0e010668d268922,644,476
a0e8bb87589aebeb,480,640
a0f474784da91515,479,641
a1011a724439eeb7,633,485
a10a04ee728f12bf,679,452
a113daa957a0f221,738,415
a11fe213e122692a,640,480
a121d5c2e6179bfa,452,678
a12610de2b50f6a6,640,480
a12f3946160a6095,640,480
a1556b496776f8a7,720,426
a15e51222c485314,679,451
a18087cc0fd8655f,640,480
a18ed3323d109626,640,480
a19c6072b27ead99,479,641
a1a022596ce3ed9a,640,480
a1a3d44cf64d799e,640,480
a1a990acad68f08c,678,452
a1c025399898eebd,640,480
a1d8c229454196b0,678,452
a215699aff6bfe17,680,451
a22753aab40d8b5c,480,640
a2411348bcc47b72,480,640
a24cb5b83c466cb5,554,554
a29092708d67def6,678,452
a2ad4fa0087c889f,463,663
a2c634448ba10288,670,457
a2d9d4eb28ca3be2,678,452
a2e0cacc7330e540,640,480
a2e784b06b927501,461,193
a2e9f9f2322871d8,640,480
a2fa1553c87fa54f,640,480
a2fbd73b050a521f,640,480
a31a72b3075b4685,678,452
a31d2d3d61e77e9d,452,678
a32820c0b6f5c552,471,651
a35da32e26b8bb63,451,679
a36e11751b783026,678,452
a37c7d1c105d8727,480,640
a3954eaefc74231d,708,433
a3a6428d0d5f6709,480,640
a3aa33436ae35a3d,640,480
a3b64c359e37dbc9,641,479
a3ba8c84d6ad1ebc,640,480
a3f206cd5b648584,641,479
a3fc79ae0b10f8cd,640,480
a410b4794cb9350b,546,561
a422f788322d41b0,480,640
a42b32c53e87e491,746,411
a46513c1147722a0,562,545
a4875f01c278a7b9,480,640
a4ac124b673e91e9,640,480
a4ccb6391f8e3aeb,640,480
a4d214962d7cff5d,640,480
a4f5c7d96c33f196,640,480
a515b259bea71de4,739,415
a51f1cfa8815beef,476,644
a52274d26e314743,450,600
a524ac17e13bf1be,640,480
a533dea98cd748cf,479,641
a538799c0368c794,480,640
a55ebeb37f7252c6,640,480
a562c6346ea9e8ad,644,476
a5767a8b834c48f4,738,415
a5a1e81277bfe8b4,480,640
a5bf5674f1aaf2e4,738,416
a5c2da4fe9a5f07c,554,554
a5cda01d6f90e438,640,480
a5e24c20c17b075f,640,480
a606b3e3d78fc417,941,326
a610b21a251ba8f9,678,452
a62bd3c35a887902,640,480
a641d548e88ee382,640,480
a6478a1638644647,679,452
a660734c20107f25,640,480
a66a6a98cd1012f5,640,480
a68cb9282a900389,677,453
a68e20ecad10bf4f,480,640
a6910b49eaf70dc8,678,452
a69e3fb94375e161,679,451
a6a47b5ef5600998,639,480
a6a92067bafc45af,640,480
a6aee41fd34dc5f2,481,637
a6b1856103e11327,480,640
a6c0c4c356db88d6,677,453
a6d1ceaf17d78c0c,480,640
a6d748c9aa6587f5,678,452
a6d856deeb8e39a3,641,479
a6e5088ea471c2b8,451,680
a6e7bc6d391ac27a,640,480
a6f020cbecc8d425,680,451
a6f1f119bc99cfff,640,480
a6f7b35ceae92eb1,678,452
a7130913ad610019,739,415
a71cd036d905dbf1,415,739
a72f042ab623a09c,364,843
a74064a7b1a7c2db,640,480
a74cb7d793d308b0,685,447
a76dcfa014fd2314,480,640
a774dc79a14d26e4,701,438
a7c6faae6b5eb7c7,640,480
a7e6858d9a20be9a,678,452
a7f9d67f8f7bd8c0,640,480
a803f57f276195f3,678,452
a80531a76936a34a,641,479
a81f4f698ed913e8,640,480
a83075a76b358f26,480,640
a83157cd1d2bd178,641,479
a844c75c791b63ed,678,452
a858fa639b5fb7ce,640,480
a8590e47623f9e14,640,480
a864a399d2f6c0b6,678,452
a871c63956ae98d5,452,678
a87e419c3259952d,640,480
a888b38ff1b569df,554,554
a88cf9722f76deeb,640,480
a8a1e9c673f9f7a6,679,451
a8b286832f5b254b,640,480
a8b490f2be291f89,641,479
a8bac9d87c913390,678,452
a8d969772713727b,678,452
a8da7e607b243454,415,739
a8e8642ad5e1c2b0,640,480
a90bc0236ec092f7,715,429
a9123e735dab0ab4,678,452
a91551a6e62da276,681,451
a917b38669bd7d71,739,415
a919cd7d332bba81,679,451
a91e2f9f5fc8543b,415,739
a92372900185600f,717,428
a92fb2e1ee320bd8,738,416
a9341af922940b28,641,479
a93cdefe9202fa94,591,519
a94f38969164068a,640,480
a9578e7ac9cf39cb,429,715
a963231df1909fcf,680,451
a96639445c1343b3,640,480
a970a1c952fca325,640,480
a97d966f9170f0d9,640,480
a98b1796b94e76b1,640,480
a9998a028ee81d1f,640,480
a9a902eb6ada95fd,640,480
a9adcbbf119a7515,640,480
a9af15ee6ef64d35,554,554
a9d4205fcc971b92,618,496
a9e04cef96829459,679,452
aa1a5dd9ed64ce45,468,655
aa4b39f164bf5978,640,480
aa4eb165e4a47240,640,480
aa82782c04d6dae3,300,225
aa82e2eb25ab6c58,640,480
aa8d23cf6a11f9e9,1001,306
aaaf32c348c6ab9d,739,415
aab11142419ed92b,640,480
aabdd4d863d51c7f,640,480
aace4714cf96e6ea,640,480
aaeb22e9bce6542f,678,452
ab03a583e1827cb5,678,452
ab127af363a15ae8,640,480
ab1cfb2411c27b11,480,640
ab201d102f8e72ed,480,640
ab23bc35fbe1891c,554,554
ab36831bb26ea781,640,480
ab41b589aa434924,678,452
ab55c46d2276f323,640,480
ab64310619e40993,640,480
ab6c0d7db02ef27b,641,479
ab73cefeaea58bb2,738,415
ab752715a80c7e91,640,480
abb3701011761d7f,641,479
abc1b2539b4bdaa7,678,452
abdda67adc2bc4fe,640,480
abee26b0b63411dd,640,480
abf48f1227b43fda,677,453
ac01dd2cb8c92298,640,480
ac1e47a644d5c9db,480,639
ac300b935da1dc72,679,452
ac3dca349be3d3b9,640,480
ac573e48e3b38c0d,640,480
ac87c4785729c040,677,453
acac14fe2f0cd83e,640,480
acc02af433d45f3e,451,681
acd5ca8a19a621f0,554,554
ace2ac95d203f172,640,480
acfb77876b46adee,677,453
ad28241c3c820322,640,480
ad2c5091d7e06991,480,640
ad39b771ffde153f,452,678
ad5460efd0ab423f,640,480
ad591e9a0fca85ab,640,480
ad5a29e547ad8c7e,640,480
ad5de441bb2a0b9e,453,677
ad60426d106799ec,480,640
ad666744ef5d268c,678,452
ad7093bf507f4b98,644,476
ad81166a817acf75,639,480
ad8950ff3716e6fc,640,480
ad8b60a80ed441f6,416,738
ad9d3d0b5006aab2,640,480
ada5076a802117da,480,640
add4a414399a8900,681,451
ade492167a2cc6ca,678,452
ae0deebd372a0619,640,480
ae37c5891fc21f92,678,452
ae44daa87b89ca4c,641,479
ae4fac454671a93f,640,480
ae6c666b016d8d4d,640,480
ae8884b9fe7e61ae,700,438
ae987f41ff7d7121,640,480
aea5d5a4d2e2333b,573,535
aea7b4671c4dc1ea,701,438
aebbdd29f0521c29,726,422
aed32a5fa2096705,678,452
aef1a42597adc655,640,480
aef2f25ff160846f,640,480
aef73236856e88e4,480,640
af04ae2350cc12b5,681,451
af15263a292e2829,651,471
af259e0abcfba646,640,480
af2c92f9c5688b31,640,480
af3b654b09075c44,428,716
af4a81821813ea5d,480,640
af5f7d90e72a82d7,640,480
af61c620ab36145a,738,415
af6e45d2e9a8b7a3,640,480
af994b6f89d74a67,678,452
afa15f4126eec4f2,738,415
afa3a35ff07863d4,640,480
afb53bf693ab9062,678,452
afc1b05804e87ea0,480,640
afc72403bdcb2b20,640,480
afcb142d549dc017,554,554
afddcf139ce18912,641,478
afe738eb45ef5ca9,453,677
afececf07e843cff,640,480
afedff5653d3ed53,739,415
affbcdbe5dd2fb3a,678,452
b0095ee5dc1978bb,678,452
b00eb35f0623ff1e,679,451
b0288b2a3855dcd7,452,678
b035d36e41cb01d9,640,479
b048921f1b1ed5d4,739,415
b052f53ce23649e6,640,480
b054e47f5867a4d7,678,452
b068d7a221bc89c6,679,451
b07d8d8d394bda3b,739,415
b08557ca07d9a52e,679,451
b09aa6788d59e1d2,641,479
b0a45b013283121f,679,452
b0a627cc3f707527,739,415
b0f0e0ca6512692a,641,479
b104b581e8441d45,678,452
b10c7e9011cabfae,483,635
b12384ea4a13a141,640,480
b129fca91c026041,677,453
b12aae30b02573ad,480,640
b158c39a8138e7d7,640,480
b1607ca77bd11c84,452,678
b17883814918e089,452,678
b188a7c91215c25a,640,480
b18ebfc4bf4c63c2,479,640
b19a6d83e91913a8,619,495
b19f122b0cec758b,640,480
b19fe4a0466f0d9d,416,738
b1af3e5b0a5e893c,678,452
b1b743c450e971c7,678,452
b1be9647c4d0fc7b,480,640
b1bedf0806476a57,554,553
b1d273b1b937377d,641,478
b1df28d8d87f34bf,640,480
b1e94d0ab31fe178,640,480
b2038ca9c7800e32,640,480
b2212c91451eb1e2,640,480
b22b5c5fdc0e1413,640,480
b23a16b5491c4f11,978,313
b23b2f9387e16dcc,641,479
b24eabd6a7ff22d6,640,480
b27c930df2889d90,504,608
b2903c105d6096b4,677,453
b29f76e1a5f672ec,678,452
b2a13e815f734ee5,640,480
b2a801f1a9f6e15b,640,480
b2af9a8915b1f01e,640,480
b2be789477d48e97,640,480
b2cc92350f0ba030,415,739
b2df35e975815240,640,480
b2dfb9fc72f3ea37,479,641
b2ff8236fdb1390d,678,452
b30bc1fe86057942,678,452
b32df129b3e61028,465,660
b33932414c3d881c,640,480
b352154be39a9c23,640,480
b35f3f6a8a5823b0,738,415
b3672715d967493c,451,681
b3869b419c52bdf3,640,480
b39a6eb78836a34e,452,678
b3a476544ec571c1,678,452
b3ac1afe012bf309,641,479
b3bb5ce5707297c0,640,480
b3cb95507ffe905c,677,453
b3e7dff6dc838386,480,640
b3e865dfb3b32da1,640,480
b3f6276350ea04cc,677,453
b412f301a8106c8b,678,452
b41d1d1d381ef4b6,640,480
b41f3d60bbba282d,705,435
b4211792c26295b2,479,641
b43ef0e403ce5467,451,679
b4554f15afac32f8,479,641
b45d4213bd6b8f66,640,480
b46e780455ced768,554,554
b48c70f0a3a32c1c,480,640
b49a8498c88bbb2d,640,480
b49f03e8882f0453,640,480
b4a3537b3217a809,641,479
b4a6d7b7f6c84023,480,640
b4af2b5cf0ebbd25,868,353
b4c80c6bef114e5b,640,480
b4e0a69683751d4d,640,480
b5009f654ee99225,537,571
b52bd3a34e61b890,640,479
b5381fc478b0ce49,641,479
b55ac7de9e6e5b3b,678,452
b55ff3bd0805c9de,480,640
b56c8073347ef743,640,480
b58504383f3c9d57,640,479
b5859daa89ec19ef,640,480
b5afb9056d922d76,678,452
b5b1622131d41971,677,453
b5c3d9def77f4f68,415,739
b5c89db55b6c4d21,640,480
b5efaee3659f8ac6,640,480
b616a989375d8eb0,554,554
b62771654f6c30a6,416,738
b62975f3e266eeba,1035,296
b62f9a4760425dec,480,640
b6408a4b352860e1,640,480
b65733157610cade,640,480
b65b9dcbe84e923f,680,451
b65f587ce9f38fa0,678,452
b6601c51fab7743d,641,479
b671e4295e105ddd,680,451
b686acb15bb3c2e7,480,640
b6a901fa89473ab9,640,480
b6ab01e24cac855b,640,480
b6c2ea3bbde4b601,640,480
b6ca026657ce4f5c,640,480
b6d9ea6669fd1543,739,415
b6eae8ade6cdf2c4,640,480
b718147ecb3fb4d3,681,450
b7275eba0606cdf3,640,480
b728b44f8b70dcc6,534,575
b73c1c69d5da5e6e,451,679
b73cfdea840f0139,452,678
b73d41be67d99ca9,679,451
b7612ae742ff84c5,415,738
b76711dd9a34497e,480,640
b768c1dcd7eb3393,640,480
b770dabfda065a92,728,421
b792e1cfb2c478b1,480,640
b7b5072b98a4786b,640,480
b7ca61da43c7882a,480,640
b7e7fc7eeed5842e,640,480
b7e9ddf7cf284740,452,678
b7f078b016257a22,640,480
b7f393dd7a84fadc,678,452
b7f62f75c548ad6b,641,479
b800c3bbff06f3c4,679,451
b83e0d17823b7bcd,640,480
b84f4376da782e05,451,680
b850e33be25c8bad,680,451
b8637d9baaa03750,681,451
b887915a37b0029d,482,636
b88cf5f622092699,480,640
b89df61aedfa9e4f,522,587
b8a0fb549656e6dc,680,451
b8affd3d201d3ff6,640,480
b8f630974ba874bb,678,452
b9014d800f416daa,773,397
b9262d9fd27bd982,640,480
b928b04e08c04907,678,452
b92d8d2b014f17b3,640,480
b952030adcb2ad11,480,640
b95c3949ca123a55,640,480
b96b9647b87b6484,701,437
b97fcc4189592277,480,640
b99a84035c4b8877,677,453
b9a35bafccd4c5db,678,452
b9a94018290ec347,554,554
b9b242a2f6a636e8,678,452
b9bb618e49ee6ab1,600,400
b9e874c149e17be2,640,480
b9ec2cb9113c2749,640,480
b9ed6e4c870e1826,640,480
b9f8d67381e59dea,678,452
ba0af86bb255c43e,640,480
ba10d38f15f8876d,480,640
ba1aef59e56a0c87,678,452
ba1d1211ad5cd786,643,477
ba232ddc974f9829,640,480
ba2c5b3e2f33ace3,640,480
ba31e1a365d04c90,678,452
ba4d02d0aa003c7e,480,640
ba62500447a89055,480,640
ba80648eb2a007f2,489,626
ba87636f250d2c89,640,480
bb10a4ed62adaa06,640,480
bb185142f04edfb1,640,480
bb228fe9df9ec275,677,453
bb30962bfe2b2679,641,478
bb319cd1983106d1,640,480
bb3961d3592e18bd,679,452
bb3b6142a6580fa4,640,480
bb40d8b26b2a03e3,640,480
bb50d4ead345888d,678,452
bb5853c9e4957152,641,479
bb5f57bc743b8c5a,679,452
bb5f623e69868d17,455,673
bb8a297d4767a726,418,734
bbdbf0a8e2114e81,479,641
bc1197b44a786da0,677,453
bc2260ec5b70b7e5,640,480
bc27434397e35317,640,480
bc28cff5b7b8c684,640,480
bc4b847df4084feb,480,640
bc4d1150fa99f58b,678,452
bc4d976ed24b021f,640,480
bc5110a6c0310806,445,689
bc528ee8ee0bc6e8,739,415
bc63da3543eb75f0,738,415
bc92619f60733ac5,738,416
bc9a8f1bc9c81afb,641,479
bc9baee0a56c543c,677,453
bca130d8c92dc6d4,641,479
bcc48748bad636d6,479,641
bcc8ec620aebb098,678,452
bcee23209d216806,677,453
bd08d575e5aa202f,678,452
bd34d444a42de1a7,452,678
bd3bdd1facbff246,480,640
bd3ee9980b998868,641,479
bd487fcb0e86960b,640,480
bd4d40ab22189c9a,554,554
bd5406ebf1d4d027,650,471
bd59c4ffeab02294,480,640
bd7533e807bbdb69,480,640
bd7a672192b4ee7c,452,679
bd7d70c59710565f,480,639
bda1ee4befcd0059,480,640
bdab0153cc3459e1,640,480
bdb4e97d9ba50a48,739,415
bdc0ecfc2fe8c9cc,678,452
bdc4c3aac415bb1e,480,640
bdca01406bdae12f,640,480
bde70c6ae2e21553,641,479
bdef907959dec752,479,641
be13671a018a19b0,480,640
be29dccdb8307e34,453,677
be6e99a64c1a056f,739,415
be773287d3e4a912,678,452
be8e6f4001a977ae,640,480
be9895565cc7fe52,480,640
bea476de02894b9c,415,739
beb757c85f86975b,738,415
bece1a40be88443b,480,640
bedced5cad4abb8d,662,463
bedebc56bbae02ea,555,553
bee7379b4a6e67f3,451,680
bee7ac1b218409d9,640,480
beeaa18c1c0cfd13,715,429
bef3a09c584d3c9d,640,480
bef44789d873e176,640,480
bf006040ed06258b,481,637
bf07918c702f5a95,679,452
bf0e84f03e6dab7c,678,452
bf22ab78851f1b03,674,455
bf2d06bd99222dea,677,453
bf69a1cef2a7dbf1,640,480
bf7d2198eac11a9c,678,452
bf7d9c4a2cc2ea13,480,640
bf8c86f5ba284a66,678,452
bf9d41950b17c451,739,415
bfaaf26578cc51b6,682,450
bfadbf7184ea9b75,640,480
bfce1adcaf2c39e0,640,480
bfe01b18949f7198,588,521
c0012a5863022ff7,641,479
c00bf37aae6212c9,678,452
c013132d587bfdb6,640,480
c01d14f6fb4d20e9,480,640
c02e29369e918d5a,480,640
c046ee6f3df0ce66,701,438
c06cf9413270051c,640,480
c08907d6c846a3e1,740,415
c08af696d45a311b,640,480
c08d59355ba8c2ba,679,452
c0a7e2c6e2180732,738,415
c0b448197bb26158,640,480
c0c43f94774c57b2,480,640
c0c7a5f09edc5280,734,418
c0d8ef1a9857ae97,739,415
c0da931d2aa686b1,640,480
c0f04784cc2cc0b9,452,678
c0f59125a6c8fee4,678,452
c0fcc5c66f7536f2,640,480
c104fa9844cd56d6,640,480
c10e5d35329a83ed,415,739
c11ae79e8ebe5a1e,640,480
c12fe7f8cc25ca67,678,452
c13f08be7972aac9,739,415
c1498f058d2a781c,640,480
c149c16556ee5d81,476,644
c165c4444b0e0e81,480,640
c169f02cc1b6b11a,640,480
c1832c83e35eeee3,739,415
c1841e43f32e5852,479,641
c19664a228bb563f,665,461
c1999cb3387a2002,640,480
c1b85aef48caa4b5,495,620
c1bc739229413b28,480,640
c1c4cfc636667146,554,554
c1cba160342bdd01,679,451
c1d5dd8b38a5e706,641,479
c1f5d6ae79cb6e47,678,452
c1f7726a12908063,640,480
c20857311020868e,739,415
c20c4c7f99b5c4f8,738,415
c20da8095deeae2b,640,480
c24d68e3a15d719a,679,451
c264f4ac854e66eb,480,640
c26e97a541b18d7e,827,371
c274007bb8b86072,480,640
c27590196e1e82e1,678,452
c288ff67670f9aa1,739,415
c29873aef44d74cd,640,480
c2a4e481ab2e8f07,678,452
c2b3af5943e47f2a,640,480
c2cbc99c569af9a3,640,480
c2cfbb8ae3ab8fa1,680,451
c2d28b33a1da1c4d,480,640
c2d619f9168fb81b,641,479
c2d86245fdc844bb,554,554
c2dbd34f38c4d727,678,452
c2e035f0ffb35b10,480,640
c2e100d8f93e7cf6,640,480
c2e909b790522675,640,480
c30f038acd9b7509,640,480
c31287758c348654,640,480
c32855a03041f206,480,640
c32b495bc310f3b0,678,452
c346af40760d81fe,640,480
c34d852281433bc3,640,480
c3557b1822278879,641,479
c36548a85780a8e6,739,415
c3697ecbc8277258,681,451
c378ff13234b3926,640,480
c38f07df130cb3c0,640,480
c3ad6481a0d00e50,640,480
c3bd45b433ae006c,640,480
c3d8d870fae13807,554,554
c3de777ad4ba6328,678,452
c3e5581541520d9e,640,480
c3e70c6b44f16bff,680,451
c3ec52f3926ed911,480,640
c4047ac98ed729d7,640,480
c42bba20d20533b3,640,480
c42c973072ed667f,640,480
c434d6494411feca,680,451
c4455d33914ce930,640,480
c4a4e38f8927bfb9,640,480
c4a6a7e626eb3ea7,640,480
c4a86841d8181d98,640,480
c4ab0a451e93e398,660,465
c4b0de1048bfa164,679,452
c4c286b83715da59,640,480
c50adca3bff5ae5e,480,640
c50f3877e1df59a6,739,415
c52246583b558b82,679,451
c53e61173874708b,640,480
c549ecacc24ae1a2,678,452
c552fc14ba426946,640,480
c5583f3088153d83,452,678
c5593997072af77d,680,451
c560b55ccd7658d5,678,452
c561e1b2e08bc2f7,452,678
c56d8c311e173d37,640,480
c581a7a0f3f985b4,640,480
c59adfcc3b31fa9d,679,451
c59c94b89685bd8e,453,677
c5b625565a33afcd,652,470
c5d4a896a9f1cd87,678,452
c5dcc717d7e13b70,641,479
c5e32f8a393857f2,639,480
c5e5c3e6302e78ee,480,640
c5f274e3b719dc7f,678,452
c610dd9087aa4a51,619,496
c615e5a1fa2caa19,739,415
c6337fec1cc77942,640,480
c64c841f4b4478ca,677,453
c64d27f6237f50dd,450,600
c6627ec36b17d536,678,452
c667de69e0c9b7b0,677,453
c66af8afdb59ad7c,680,451
c66da8f0d678536d,647,474
c6704d65627b0df6,429,715
c69399f4f6843946,679,451
c6ae40e6ad911007,879,349
c6eae1040e7bc7da,554,554
c704f2ed7f43672f,679,451
c70706643bf1d7f4,640,480
c70bd6670ced2053,667,460
c7123f1938909b1f,678,452
c7156f753555d70e,640,480
c7162e25e9b598ad,554,554
c716a1b8153267bb,678,452
c7276249334e35e3,640,480
c72e8433113af66f,641,479
c73c7ec2088f217c,640,480
c76bf95f54d57d69,480,640
c77eade627ac774e,451,680
c7839d0ea02f83dc,678,452
c796217198e9ef8a,640,480
c7d2c04214873cb8,554,554
c7d6035e55ba43f3,640,480
c7dbac981f501ed4,678,452
c7f48efb776a4f91,554,554
c7fa0a5cc7e48100,640,480
c7fd2b5dfeefad0d,641,479
c81d766e2f377f81,480,640
c835f582121d559e,678,452
c84eaa9c788f56e0,479,641
c8889435b837675b,641,479
c88db31ba488d7c2,641,479
c891b57da316fc45,421,561
c89aa394f8940780,640,480
c8a2decf0d8d7da6,678,452
c8ba5020b7c9d500,677,453
c8d89695a032e171,640,480
c8da9b27270bae3d,694,442
c8fe1364490157d6,479,641
c905e5c43b272998,640,480
c9155955810c94b9,480,640
c916df093013e077,640,480
c92b16d6e2218aa4,480,640
c93cacc22734a3d2,739,415
c93f197c59269c31,681,451
c966b7c0ccf8dfcc,678,452
c98e63308bb1faa0,640,479
c9a67a0ef6731f1b,480,640
c9a9f5cfc9a3f6ae,678,452
c9ba509ab4fe2a01,489,627
c9cb6dea5678d078,738,415
c9df50dda2d12fe7,679,452
c9f1805b9b9c4496,678,452
c9f196017586f87f,738,415
c9f3d21199fffa69,451,679
ca0113e43a32f407,678,452
ca455f4ac4960ec2,480,640
ca4ed03b7335e757,680,451
ca555bbfb5bb6c53,495,620
ca5e25f648f55068,480,640
ca6e10790c06ebf0,554,554
ca747a271f2fea5a,640,480
ca78918495f0ca06,678,452
ca81db3940c427ec,679,452
ca836c786f15ab43,480,640
ca8e349135557add,480,640
caa1f5aedbc224a4,640,480
cad8bf3b5b8fb49b,640,480
cae364ab0419e3e0,554,554
caed6f9f8363d074,640,480
cb037387c8627401,640,480
cb19006c0cde321c,678,452
cb581735c900d8bd,497,617
cb5b4eee8f97f5a9,480,640
cb5df1323840f53a,739,415
cb5fe12d42cc08d0,554,554
cb679cc695a7a105,718,427
cb69df409003d743,452,678
cb6c47da57e95523,640,480
cb6cfdc5ce613f3b,641,479
cb7b9d329166c7fe,678,452
cb983a5aaa200e21,554,554
cb99cf287e954b5d,586,523
cb9a28db7dfb5afe,739,415
cba02c0c09ef25c9,640,480
cba2f2e88e65508b,480,640
cbc8f6c61b25e86b,640,480
cbd0bb0c55e7ac92,640,480
cc01e3226696fa74,678,452
cc150c53f6d8029c,739,415
cc1ae14c4e7cb17d,678,452
cc30d0cb5eb57429,679,452
cc3249f8b77ba59f,640,480
cc45ddf46cf744e5,480,640
cc4a869ea8a6d2b2,640,480
cc518ed1457f8791,640,480
cc53e42b78feee90,640,480
cc5f7c04cf91f93b,640,480
cc61a5393e9dae3b,640,480
cc680a4d84d56f81,678,452
cce1f803866e9e49,480,640
cce7e7d24978f49c,677,453
ccf3369b8a28780f,514,596
ccff879ec493e9f6,678,452
cd03da2314dce7f3,640,480
cd08d41315764a36,554,553
cd1230dbf6246628,640,480
cd3cea07aa082d9b,640,480
cd464002977a41ea,640,480
cd52d51ec73478b1,738,415
cd5b7306e023b259,640,480
cd646aa3bcdac8ba,640,480
cd67fbdde7444d98,479,641
cd7a6c3a3c58b0fd,640,480
cd7ac9fdcd9dd9bd,640,480
cd842e15eba28b42,554,554
cd96c356e039f6e4,640,480
cda1abd86a599446,640,480
cdae4b4ca0280c72,905,339
cdb373fab0622cd7,451,680
cdbb5b7c3e9f96a3,678,452
cdc3012f3622e06e,679,451
cdccdf75b3b8e98c,640,480
cddb751f16016dbc,739,415
cdebcd820b8ab5fd,640,480
cdf65d3213225560,739,415
ce11d9840137927b,641,479
ce1dbace812d87f0,640,480
ce24303d5317ea56,678,452
ce2ff3a8037081a3,480,640
ce33844cf36e7711,640,480
ce40b6f55b13a601,621,494
ce52a02e0fc54539,739,415
ce541fe9af99214e,680,451
ce5a3c7ebd5b74e7,680,451
ce5e636caa2a78af,480,640
ce6cf92cd4b681d1,678,452
ce832ef0e7374aa7,480,640
ce8dc9cf8d2bc765,739,415
ce9ec3d3eb1b9d20,619,495
ceacc19f51dedd96,640,480
ceb7baf5f269e632,644,476
cebce6302c8dcb10,640,480
ceefc05faf2665c5,554,554
cef91c7490cdb536,560,547
cf170939200dedf3,678,452
cf213fc93a618fbb,678,452
cf3fe4130962c7d8,738,416
cf46ea979ddb756b,640,479
cf6c38d64882c556,739,415
cf6d0a2409d65694,285,1076
cf6e54053c92b092,738,415
cf8c84c97c542b2f,678,452
cf9d72ae830e8427,571,537
cf9d9cfca4e002c3,584,525
cfab2cc2d2971712,640,480
cfb58dbc825e025c,738,416
cfb5cf25961d6083,480,640
cfbed1f15e5f06c6,640,480
cfd130cff43e78f0,638,481
cfefd1ee7a5b7d33,678,452
cff5c3ae116cd26d,554,554
cff5fd291afe1e07,677,453
cff79ec61ce09529,640,480
cffa699bbc53059d,678,452
d00cd8246d0ab741,640,478
d022488ebe632b9f,680,451
d0252eb1f305b86d,640,480
d043772877cb911c,681,451
d05bd5138f7bd2f9,641,479
d05e429b58317e87,704,435
d07bbc2b4e5afcf8,739,415
d083e9838a93aa98,451,680
d086502388154d91,479,641
d095454ff62995c8,640,480
d099401bef4f1b1f,640,480
d09951d3c97dea2f,679,452
d0aa41a455960e24,479,641
d0f0cdf882bc9e0a,480,640
d0f583ebee7c897d,640,480
d0f6cfd5e989b6d8,640,480
d11512f30868814a,679,452
d1192d198ce6b3d3,640,480
d11dfa5f1706b8a8,554,554
d12d8a8cd81b6ca6,640,480
d14a5a72c104c45d,678,452
d150bbe3200dc09c,737,416
d152620c9d63919b,641,479
d15abb36759528e0,759,404
d189cd81429fdc7a,640,480
d19a1a9f1475e67b,772,397
d1a0bc54db31684b,641,479
d1a86bc70daa3d75,681,451
d1a9733014ce4e89,640,480
d1b04e68d19f7d81,640,480
d1b90f07c19a5085,480,640
d1be9716b3f16f35,679,451
d1c7bd7a88f1f4c5,681,451
d1d6ea4f404ec17b,678,452
d1e324b4175d6b74,451,680
d2047da8e714a5e5,677,453
d21015719b41c9df,480,640
d2121862187c111f,640,480
d23c12b02e78a388,678,452
d2444b12ed67620b,554,554
d24cb08c264b7055,640,480
d27c8a8849004e57,640,480
d2816bb05dacd8c7,680,451
d282773b4822c67f,452,679
d29d877aa02a2456,713,430
d2c41d3726d42dc1,640,480
d2c432442c42d148,640,480
d2dbb8bcc94d03d2,416,738
d301ef42c7ae907f,640,480
d30623b92d4054bd,452,678
d3133a141bdbef20,640,480
d31afaabb0069c28,734,418
d32439050c35b5e2,680,451
d326d1efa87d68dc,641,479
d34712b08e497ef6,640,480
d351592d1a8a9cc2,640,480
d35a1b87fe4ab6c2,628,488
d36aef7f8224a0ec,554,554
d36ddc1f1ba9b234,953,322
d37bf2549a46e32f,451,679
d37f670d6c23dfa4,674,455
d385cfbd6b2106e9,640,480
d3980ee80afa4153,639,480
d3ab78ba3ce7e392,678,452
d3c2e29e292589a3,640,480
d3c6113993a2e00c,677,453
d3cce9af11e8929b,480,640
d3de1e1d1e657120,641,479
d3e5685b6ac39216,554,554
d407b71eac6effc2,678,452
d41feab86e0e10bb,640,480
d430183dcb796505,640,480
d450ac5ee8e63b45,678,452
d455a2b95533d7a2,639,480
d475b59d36e0aaa5,452,678
d47b012d4c05a812,479,641
d486593301985699,640,480
d48f8be25a4b21c6,989,310
d490df2079e32bc4,680,451
d49eccd223ed16f1,640,480
d4c74e2b419d43af,734,418
d4e2dfbeeccbb8b8,640,480
d4e4cd0c60a611df,641,479
d4ea70ad745bccdf,640,480
d4eaa49f759440ea,640,480
d5042251ad321ea8,644,476
d50ef6ac5450d197,678,452
d5184b5a9db46890,680,451
d54722a98d199608,640,480
d55305281107621d,641,479
d55f8d43c5226edb,679,451
d56018ad1f8c6665,581,527
d568dcd3688ff367,697,440
d58d68a3fcc173c4,554,554
d597dbfe1d6b5828,678,452
d5a9c6de352d4e6c,640,480
d5ad49d0c1eb85eb,640,480
d5ae45239b54251a,739,415
d5b08533268c2070,639,480
d5b67ca23ee43472,668,459
d5c17a71491c963c,640,480
d5c4af80c917050f,640,480
d5c8445924559bf0,640,480
d5ce605ce04eeea8,640,480
d5ed0d7834b18337,678,452
d610d450edbc8b5c,678,452
d6230876fa2bfc98,640,480
d6324c6b6084c36e,681,451
d6359353f8e5035c,451,679
d63cd00c3221030d,722,425
d64bb4beb6d8c220,640,480
d654f8eecaa80873,452,678
d659c7ebafce8858,679,451
d68ade93a0557471,480,640
d68e73e97acd90ea,678,452
d6aa3bb3151faf3b,640,480
d6acd3518dd753ee,400,600
d6b8b01e4ce6950a,639,480
d6c2c556422a1e69,415,739
d6cb0681d690a473,640,480
d6d5db4bd0d3c95a,640,480
d6f4b50a6e17f839,739,415
d713f0c4a2d36acc,641,479
d741bda6e9282f76,640,480
d79fa0afb56e3469,640,480
d7a86d7f6a8fe2b1,640,480
d7ad8d5cb493f400,678,452
d7b23ee786433932,679,451
d7dc85b4608af0f9,453,677
d7dd84d0dd6c9f44,480,640
d7ddf2c6620849bb,869,353
d7eba42baf784273,640,480
d7f35b2524e07b11,554,554
d7f6f48f6304330e,640,480
d81457f83620a244,640,480
d84270c074d0c907,479,641
d845a3a120d84e10,640,480
d84969de0ea2275e,600,154
d8518955bf6a1750,678,453
d854ac0dbea3a649,640,480
d863ca59462ce0b4,640,480
d86fef0f973ad78d,640,480
d89030947d17b024,638,480
d8936121d7e7fd56,640,480
d89600deb986b221,641,479
d89a4889331ce042,640,480
d8ae3fe5ccff5e59,640,480
d8af3c90748e6d6e,678,452
d8cc6d566d01054b,554,554
d8d17b2b0b32836f,634,484
d8e585476d7e7f75,640,480
d8e7ae6906730dff,678,452
d8f9603291841bcc,677,453
d92c9cd1ffe22cad,640,480
d95cd5955e09d044,677,453
d961e3557d390fea,640,480
d9651fff4f004f52,678,452
d9679f0ab8a03f7a,680,451
d9690f7d628972db,480,640
d9960a0760fbd213,793,387
d9c06edf86fd623d,554,554
d9dbc4893a7e9b93,739,415
d9f5f595c60cbabf,640,480
d9f6cc68c666b47c,531,578
d9f8ccfdf09032d9,480,640
d9fc6a3aac6463ba,641,479
da0734bc0fa53243,640,480
da27c3fb8c58661f,640,480
da35f7f71b830278,640,479
da4f3d9822d2fe20,640,480
da5b12827f7ec182,480,640
da6efa117ac32add,554,554
da718d5094bbe8b2,678,452
da78217fe04bc052,677,453
da784e63c54d6f4a,640,480
da8384b9c141c049,640,480
da8de749427565f9,678,452
daa88aa68ff91d62,480,640
dac66585fe589165,480,640
dae992a369fe85cb,640,480
db0d8dbb68bc985d,480,639
db2b2883bdfc3f6b,640,480
db2e32676744890e,640,480
db57f7eecea50389,640,480
db6148f2998d8762,452,678
db6c376cfd4626a2,480,640
db84690de979c2b3,640,480
db951e5b54750a7a,640,480
dbaac4f3e7fed165,480,640
dbadb067d2b0f890,554,554
dbb59a058870e62d,640,480
dbd6f2422a1574e2,554,554
dbe477ebfbfda777,452,678
dbfd1612917faf4e,640,480
dc1e3e792db0e67a,678,452
dc41e989848d4912,480,640
dc592ee3989b8e1f,640,480
dc59f03aabdd3065,554,554
dc78d1dede3ceba5,641,479
dc795b1f240960f2,640,480
dc8ff42acf432b3a,678,452
dc925fa6af4bffc2,640,480
dc9ea82d56223a4f,406,755
dca3d7231225b5fb,679,452
dca41c002d5f2ceb,640,480
dcaaf48fcc6acf42,640,479
dcb1e41654d1ec4a,679,452
dccac0d270ffe9e2,640,480
dcf6c9a6c8f4e743,428,716
dcfe0f483a8893c2,715,429
dd171a600c57695a,640,480
dd25e01cef1a34bb,613,500
dd351b03f2131bf5,644,476
dd443a50f8381a39,640,480
dd475cb73c585c75,640,480
dd58e51533e8e60c,640,480
dd613342b326955e,640,480
dd6bc332729eff07,640,480
dd6edcd6c2e44492,640,480
dd77d31dc3ebfd5a,480,640
dd78064ac07f3144,693,443
dd7a7768f06afbec,480,640
dd8960359a54ccb9,641,479
dd945c9e4db8bcf5,479,641
ddb25ea659896946,640,480
ddb59072537be23e,641,479
ddc99ce2a6aab414,640,480
ddd50dfad23a9971,640,480
ddeaf03da46d587f,452,678
ddef7475ff3bf449,678,452
de0a0473f15d0060,640,480
de18bc98f9483268,640,480
de382ef977ddb6b7,640,480
de3f4118cc20f6f5,640,480
de405bad4dfd09c9,678,452
de4a93372003ff04,640,480
de6e1a3a3e171001,480,640
de6f044a76c00759,640,480
de708c05122ab695,679,452
de76338b0de27fcf,640,479
de78f5595c073b17,452,679
de816c34b6634a25,640,480
de8fa347b9c9d874,640,480
de952191c0bce1dc,738,416
dec0379e571b8e50,640,480
dedc3304c546f115,655,468
dee1745f9830098c,640,480
dee855992091344d,739,415
df02484f266f729f,640,480
df2af1afbe874ed2,554,554
df524cdbb6c7b61a,640,480
df5ac0975f0ca907,640,480
df7dfb12b56b84e4,678,452
df9fc4fddbdb9813,452,678
dfa0ffd8027a75dd,640,480
dfa1a82bb977a87d,640,480
dfd1eafa9a71c0d4,479,641
dfd34ea4e473fcf3,554,554
dfe3a3db7782b5f8,679,451
dfe746a82fb169c8,680,451
dfe7b65c3fddcfc7,641,479
dfeff0d9870bfec3,452,678
dff82cdafc0b8765,641,479
dffaf8a4d9fc6c82,554,554
e01263c97c5382b0,679,451
e01a751019166d00,640,480
e02dd0c536dcf68e,453,677
e03b865ac9d06f3d,678,452
e046e07faa407cba,554,554
e06e413eeb132925,738,415
e07fb5624c3d9a78,678,452
e099162ade3c56e2,640,480
e09ca2c1ed6e5145,640,480
e0ae513750e2eb3e,451,680
e0b76648584ef8ea,641,479
e0bb8279ba98f0fd,678,452
e0c2c8c54c2b50d4,480,640
e0c6f844ca1472a7,679,452
e0e85564556bb784,680,451
e0ec5647b1ff6731,678,452
e0f6ba63941cb2c9,738,416
e10f7135a6ab9b2d,554,554
e1224dcc89677e02,452,678
e12cafe009ca7191,556,551
e13e73aa9aef1b9e,439,698
e1473c4f97f7548a,640,480
e15a5926c5c464d2,739,415
e16c43fc5ae6c433,480,640
e19d26eae63f0806,640,480
e1a3eab52eb2e87d,639,480
e1a897708d94ca8c,480,640
e1ca78777c3074ce,480,640
e1d1e06a5758e663,679,451
e211cf653e2627e1,452,678
e220c3e88f9e5829,640,480
e2355f64b88b84ac,739,415
e23576bde0240d2c,739,415
e24bf52b53c16328,731,419
e2504e38beda13c9,479,641
e2587d600b34d7a7,480,640
e25d37afa53749d7,451,679
e265e25d7276f903,452,678
e27c30dd0b9c2b79,415,738
e28a9d5d3f13bda2,739,415
e295abac51403566,480,640
e2a8a60945023e4b,554,554
e2b5a867b830e6a7,738,415
e2cd8f18add9598b,678,452
e2ce194ef3d34ab6,640,480
e2d673f42700d323,640,480
e2daf7ef50cac4ed,640,480
e2ffde86c1912163,480,640
e31e79ab178400e9,679,451
e32cd9f2c6214306,678,452
e3347edd2dcf1dae,415,739
e34ac74b08965eb3,640,480
e367119bbe6ed0ea,640,480
e36d9e91481be290,643,477
e385b87c0e16451f,480,640
e392424113f962ad,609,504
e3b58cd774f93bcb,643,477
e3c0b38c11c844ae,767,400
e3e3146511182eca,640,480
e3e35dcb7ec10d8a,641,479
e3e65b318964e45b,678,452
e3ec9c0096812bfc,681,451
e3f84c9e95fa8b2d,640,480
e41ec3f39f5c408b,554,554
e44594aebd881436,452,678
e4471145e939362b,680,451
e451b39c3c86384f,640,480
e4570b61a0279087,640,480
e46e940affeb181a,502,611
e4746e7f86c136e1,678,452
e483d042165b335b,678,452
e495f745a1d866be,640,480
e4973c82839a75da,679,452
e49c46330eb75262,640,480
e4b1f6627c0f46f5,640,480
e4bfea498e06e776,640,479
e4c9edb8a217d203,451,680
e4cad9d78b079578,716,428
e4ce2158d425e417,452,678
e4d14215bfdf5d96,641,479
e4f23ec2165fb6ee,640,480
e4f9026ac97f6bd4,480,640
e50c15dd28716fa8,896,342
e5169e1b24589c86,640,480
e534c8824882d067,554,554
e564047679deb365,678,452
e56c8859bce7e4b9,640,480
e56cf8e2e32adc81,479,641
e58d752f5aa59783,480,640
e59d6c786cd2c521,640,480
e5a701100c480026,453,677
e5beb0f4821158c7,679,452
e5bec15b5c093c93,640,480
e5d19c27b00134ae,678,452
e5d882ca6d67e16a,679,451
e6197090a250d3e1,640,480
e62f18249f04f658,739,415
e63ab883c527cc07,678,452
e63df501cf3cd302,678,452
e65c482451c83969,678,452
e65ffd5bf9b4c749,480,640
e68385de388b9f33,678,452
e6aacbe4f82852f6,677,453
e6b3b02b7fa8be4c,480,640
e6b8a2279c09a31b,415,739
e6c87396308b1105,678,452
e6cbefc55a6e3449,739,415
e6d5e5e16cf3a0d1,480,640
e6e2a19ec8d73880,640,480
e6f1e023bcf74717,480,640
e6fcbe128061c30d,678,452
e71549d7b259cb6c,640,480
e71de60d7025377e,716,428
e71ec4351a716335,738,415
e733c8cbd160af9a,452,678
e73f4cf11f68f487,641,479
e7447b9b1997c157,641,479
e761d10ef7c88d6b,678,452
e76f81b77fb4aaa1,679,451
e78748ade9d7f21d,640,480
e79546eb7f373ded,739,415
e7a0b86dca3429b8,480,640
e7a7eb2f76a87c2b,640,480
e7dcc4a5fd8e5518,479,641
e7f81d11db10aa06,679,451
e80333c5111504d1,640,480
e830c64f05b18067,785,391
e8430b233950001f,640,480
e85f04ad43d0be8b,480,640
e86791844234a9bb,752,408
e8683b6f42c2dbf4,640,480
e868f8bf8f3b4a92,480,640
e87b437858d9dd28,640,480
e87f2b26d97cf44e,640,480
e881c36f7907c9a8,1089,281
e88ba9751d336dda,640,480
e892f5154e513dba,739,415
e8a80df9ea84fab2,480,640
e8ac97f9aa120628,480,640
e8b78138572b6b5c,677,453
e8b8290d5346cd3c,554,554
e8c0bab8768f4108,640,480
e8c8badf84ddd08e,677,453
e8cc4a9da22fd65d,679,452
e8da3ba3c9cefbf6,480,640
e91b6df885aee9ee,479,641
e91be03cf16c00e1,452,678
e93075494808195e,640,480
e94a7234f28a081d,640,480
e9509b6e2f4837d6,640,480
e9556b2b6815ed75,639,480
e955eb75dd9c4a9f,641,479
e95f780ce697f09d,640,480
e97275a43a5323ff,640,480
e983b87627aae9b1,648,473
e991a91d40aa1307,677,453
e9a34cfb615f1c75,678,452
e9a489731521b62b,640,480
e9ad576fc0cf1b74,640,480
e9b2d60fdb7243df,678,452
e9b36f4af26c8102,760,403
e9b781944b676783,640,480
e9bd021fcec187c1,640,480
e9c3d89ea09ae9ee,480,640
e9d8c9dd23919a36,640,480
e9e4cdd73b416b13,640,480
e9fde2f76338474a,680,451
ea01f92af801a896,640,480
ea0e0f1967de8aa0,480,640
ea14a7f0b1f56ccf,760,404
ea1cc4f910d80e79,680,451
ea4eeca80707dd9a,640,480
ea582f9defa7ad10,737,416
ea765fa6ba62a283,480,639
ea92f34514f950c1,640,480
ea9cba0ff75e28c0,640,480
eac298a8aacc7d54,678,452
eac90e04b286ec66,640,480
eadbcde279b39a7c,640,479
eaf2d8eaec06c8d2,640,480
eaf30b78cb68f92f,452,678
eaff4ea720f4181e,739,415
eb1474e48b41d4c8,640,480
eb2249c245043547,679,451
eb2b6a17521fdce4,678,452
eb35bd8488d4376e,554,554
eb37a9267fe7b00a,640,480
eb4a793ce3191f54,678,452
eb4cdfd93268c52c,739,415
eb4cf829956bfd61,640,480
eb4f027e524f2997,640,480
eb5775daf469d75c,640,480
eb65acb3a78e06b9,739,415
eb8e0862260b316b,678,452
eb918a6f59814af2,679,452
eb9ce8b489de964e,415,739
ebacd29f8c351bc1,640,480
ebc31b1b3f0fda29,678,452
ebcea32817a5246a,640,480
ebd694da1d01b4b3,641,479
ebfc5091292207d5,640,480
ec0d5c7e36616ec0,679,451
ec102bc4970dc51d,680,451
ec195edc4ebdf3bf,678,452
ec19783d30018f12,640,480
ec3c5622c0eb8f58,677,453
ec3f33b50590ce6c,640,480
ec555af0488c3b63,739,415
ec7909e7e51b722f,640,479
ec960558d29e81be,641,479
ec9dce0593985d34,452,678
ec9f41520dcf16bb,640,480
eca03620de3ecd9f,678,452
ecc90f08db898ec5,640,480
ed01728ef132a7ae,640,480
ed1216d77bc70d7a,485,633
ed2a1d9272474540,678,452
ed2c7715c6c8b7dd,640,480
ed401b71ebeddf8e,480,640
ed52a430cef7fee1,640,480
ed53e8a904237c5a,677,453
ed5edcc98624c181,640,480
ed7e4bdc0445d0c1,647,474
ed85f82c19cb00ae,479,641
ed8db7e6a2413904,739,415
ed9acbc142cde5fe,640,480
edaa46168b3327fb,554,554
edba6850b071caae,640,480
edc0e2192e7a943e,640,479
ede8ddeb9f61b4e8,959,320
edea3b58d9d662cb,739,415
edeab1f42d0cb575,640,480
edf55370578961fd,640,480
ee0de61b41d38e68,452,678
ee0f21b211f70907,701,438
ee0f386529042338,452,678
ee1ae9c4bf05bfea,640,480
ee1cba34b735e6b6,480,640
ee2054f40fd6b810,480,640
ee22c6df901bed15,480,640
ee32cc795065560f,640,480
ee4fb7157998f655,480,640
ee5a6c48cf7a0c69,554,554
ee60320f17b61548,640,480
ee6600911c312fec,347,883
ee6d19408403429c,678,452
ee712e893fa3e6f7,700,438
ee8fe6571a08d2d2,640,480
ee9d5e7ce741d0ce,640,480
eeb22522fc9c7d5b,480,639
eeb30001e42e7bf6,715,429
eeb5480a4151e0b9,739,415
eeb94d3704b39d25,1012,303
eec63b5c08b1e541,741,414
eecfd95c40a326ed,640,480
eed9e7d0dbd18e29,480,640
eede41df6d7bba55,644,476
eee3834cad49a881,739,415
eeebfdcbce12a2d9,796,385
eeec81508b289b3e,681,451
ef0a7e903564c35b,640,480
ef22be03a9c5f350,452,678
ef5af4df5d7a8779,640,480
ef73bfd516d8028f,679,451
ef7dbb0e7c76bd8f,739,415
ef8425caafb37ad7,640,480
efa4b7184a64bb13,722,424
efba96cff013fe27,640,480
efc1b4f5af86a81b,640,480
efdf9839e8200e7b,640,480
eff4451d7adb3991,675,454
f015404966e7c197,480,640
f0171eb23f4345dd,500,333
f025eb26f7634e57,678,452
f02b463864f7bdfe,480,640
f042f74c21134732,739,415
f046cc7da08bfc1a,679,451
f059932ea6f29891,480,640
f05e260bd55aaa66,480,640
f05f9c71f6b0a2ef,641,479
f0656451cc00708f,480,640
f06ef19bdd449817,640,480
f07b7fdc63ba69a4,678,452
f07fccbdea9ef90c,480,640
f083b1623c77356c,480,640
f08b77d35e4d0241,480,640
f09375029f0e6a40,678,452
f099aebd9c30ce9c,678,452
f099c0ca9aaacb68,641,478
f0b43b657df2e645,640,480
f0ca91c777209281,641,479
f0ce967b260a3013,774,396
f0d2a0bf82a9fb8f,640,480
f0e4e46f651c7b2f,900,341
f0e5fb878d6b294a,451,681
f0f64933070b96bc,640,480
f0f684c336c9e9d6,640,480
f0f8578e48df4d42,480,640
f101ba980889a4c9,678,452
f11429b56fbaee6d,640,480
f137ca05cecaad40,677,453
f15e1a58ad8a1537,640,480
f167d7b27e6c2ae8,679,452
f168c520c1eb54a3,640,480
f176facef5007616,640,480
f17c5cd7f2e8bc3e,640,480
f1a0b6091118648c,739,415
f1a2353fa3d60a9b,480,640
f1b04f25744517de,802,382
f1bfb78936426273,480,640
f1d3786b185ddda0,480,639
f1d4e1ad5e259552,640,480
f1d6623ea05f855e,739,415
f1fe7ff674a4b187,641,479
f2336bd1c0bd8fab,739,415
f24a7bc18f94933e,680,451
f24d543624b7f92d,739,415
f26f620b9add5480,640,480
f272b1a5a90ef2c4,480,640
f2889d00dff82b29,640,480
f28c29850d93bfb3,554,554
f28e9e7877cd23e6,480,640
f296747eb4dc8c1d,678,452
f2981cfdaea8a1bf,428,716
f2b33d15c7fe88eb,641,479
f2c71cf7113687f7,680,451
f2d55fa78953a82f,480,640
f2d7211e01fb1306,678,452
f2df2b327c3cf8bd,678,452
f2ec1d95245000f7,739,415
f2fe6bc6effca778,480,640
f2fe9e88b1437bb6,640,480
f302f24ec19af26e,554,554
f30702b46922f940,679,451
f314840e1483c91d,679,452
f3177b110b9b5d38,640,480
f33176fca5f824b9,740,414
f33c2c9c7ed23ce1,451,680
f3412193a3bb9d6d,678,452
f3466d1e6f9c0815,640,480
f3527d23e268db7d,678,452
f36e7dedc4c7c04e,640,480
f370d37c9c784ddf,668,459
f37185d51f84847c,554,554
f376d1eb0a1019a1,680,451
f37aae57252ee741,480,640
f3aec9c1ddfbf2bd,678,452
f3b2e4f2c2feeb82,640,480
f3bb8c25c3be4837,678,452
f3bdc9c81e8a53ac,479,640
f3d0a577ecc2b39c,641,479
f3de547419373dda,612,501
f3ec3ab64d4ff1fe,678,452
f3ee1751925ffeb2,739,415
f4053df8ee1b3971,640,479
f45077a14090838a,640,480
f460263606952f1d,678,452
f469c80fdc45356e,554,554
f46cba70ed5d54d2,554,554
f492b92b2c53e352,554,554
f4952753fc15af3a,641,479
f4aac6342e431b40,678,452
f4ba56fca27c0e8a,640,480
f4c2a2e76ff10994,640,480
f4c5249a7b2ef3e3,640,480
f4e42cc3e2196a58,678,452
f4fe00ec4e378707,452,678
f5045b173f13f0b9,641,479
f52aa286b625bc11,640,480
f52e3f9a5bcd9cdb,716,428
f53956175dbc9151,499,615
f5506a1d856464a6,640,480
f559df7487d08723,644,476
f57d19342b2ca2f0,480,640
f59a925ee8193b70,677,453
f5aea5ee31fac5f1,640,480
f5b52467666c6f24,641,479
f5bf5ec6d10a9d6e,678,452
f5d8d52d598c1e86,716,428
f5e663a44c7110e8,453,677
f5eaac4253bb5b03,621,494
f5f558396e8d3f91,678,452
f60644b8cb738a87,640,480
f61ae0b71dda99c3,677,453
f6256bceaf66693f,640,480
f62ffc99e8802cea,640,480
f6488fab22b81f81,678,452
f651e7aa5ba5ed60,480,640
f65cefcc6409bd97,480,640
f667cd9e3999d7d7,678,452
f6707c3434a04771,739,415
f684b8efdf29a6ab,678,452
f693fda534251090,640,480
f69ff4dad4b49112,452,678
f6a2d4ae76f46cb5,640,480
f6a610d42c516765,415,739
f6bec91b6de0ed4a,640,480
f6c8475b054be29b,678,452
f6ccf2c817b99845,640,480
f6ce0e604dda9aaf,640,480
f6db0f9883154a31,679,451
f6deac9477fd5d49,641,479
f6e802c2bf7f7c1a,678,452
f6f1e295473f1f84,478,642
f6f564d7d225a569,480,640
f6f9b82274ae06eb,479,641
f6fbfc894f496a88,984,311
f71192d25d99e55c,679,451
f72e196f96708eb8,430,713
f7377564358221a1,640,479
f744e47f5a02b1e4,640,480
f74aa96be1768f21,641,479
f74c91352bc538b7,640,480
f758936dd4377b45,679,452
f77ec76443eca84e,451,679
f784167ef6b56d7e,451,681
f7b64d1f17c750a9,640,480
f7b6575f68e1891b,680,451
f7b80593eac7b08e,452,678
f7c673008ae3fabd,641,478
f7cd47e87dc5fb9f,738,415
f7d985e5050b17e7,678,452
f7ed7cc075b2ddad,515,596
f7ee740ae0e1297e,415,739
f7f3700cce266cee,787,390
f830abed20ca5c24,640,480
f83d96c676f94dff,678,452
f8423ffbae9c2bc6,480,640
f850d752159b13ff,679,452
f859c23660f53f47,640,480
f865b4c9162f2bc5,640,480
f8736cfd1198d649,460,666
f87bf29b669e70bd,739,415
f889a223bc577858,640,480
f889a7d257ed19dc,678,452
f8a1b8f6b1f84f8b,465,659
f8b797ebcf61d8bd,554,554
f8bcbf2066e6458f,677,453
f8c6b737c6bf0c58,678,452
f8de5d70545bb0a0,671,457
f8ed16340b69f525,641,479
f8fd65785c81143d,640,480
f91088dbfdaf8d26,640,480
f9188d07b0a8d9ec,479,641
f924b477911a6bf5,738,415
f92682601f9b6684,452,678
f9794c43f38484de,480,640
f97b8e5b2059f7a1,480,639
f99988fe7a206c58,691,444
f99aa9172600132a,640,480
f9a199711785d4d5,640,480
f9a39939b8373770,640,480
f9a63e634e805cb7,554,554
f9a67fb13037711f,641,479
f9ab64522f4992b7,640,479
f9bd3bb4afa556a9,730,420
f9c930a05148bce2,554,554
f9c9a7927cc22866,679,452
f9dc382a579f5758,641,479
fa040286b8081ce6,640,480
fa1d5d16b3c3323e,641,479
fa2bd93b73e0bb73,640,480
fa3410b12d4f31b9,678,452
fa56a96cd6d4da9e,480,640
fa5ffc16fda321bf,480,640
fa601252856cb702,640,480
fa76b6f331eb940f,679,452
fa8bb1d11bb4db6a,678,452
faa1b177804ff9be,641,479
fad62fe144aeafb5,640,480
faddbc5174043238,476,644
fae7a9322e037430,678,452
faf61ff87d73ed3b,641,479
fafed2aae2ee3f5a,640,480
fb0bda30c7e29260,480,640
fb15d1d49ab23c07,640,480
fb3b04530295e5d5,640,480
fb548bd4e87c660b,421,729
fb54c35cf6285881,679,452
fb622b18c3eadfe4,680,451
fb74448ddaa78db7,452,678
fb7807e7e695cfd1,640,480
fb7839333b0a414b,479,640
fba4fe3bfb02bf04,678,452
fbb05dd4886b9410,739,415
fbbb40f6d3332a0e,480,640
fbc6fb749867a660,678,452
fbd5ca52b5424574,678,452
fbd5f134b0967d2b,640,480
fbe95350ddcee63a,640,480
fbf42aca33b9839d,739,415
fbf82b644c177c64,640,480
fc079d05070d50e7,640,480
fc25a63f964dd40c,554,554
fc5303654ea29f4e,678,452
fc539ef0ba423083,640,480
fc5a2d0fcc0f880e,679,452
fc6b4baa58bddd67,679,452
fc6dfe5aeadecb48,640,480
fc7a39684edd2ae2,619,495
fc8d3421b2f6d254,678,452
fc8d9a2a45406ce2,451,679
fc8eed54aa837fd7,640,480
fc9623bd8044fb18,640,480
fc97138415a59f10,480,640
fc9b8a01e93fae58,640,480
fca1345698e17abf,640,480
fcaf3321cf6de4b9,686,447
fcd4d57ff58a48c0,678,452
fcd7bde25c97b165,678,452
fcddef32fef227d3,480,640
fce2de65f50d9d6d,641,479
fce46f9d39780899,715,429
fce78110893420ec,678,452
fcee8ab7eadb4058,480,640
fcef7a74bbeb81a8,479,640
fcf3731d3475b376,678,452
fd0277ac4212d7e5,554,554
fd1418c7ae19a953,428,716
fd1827b67b2ec361,659,465
fd22c7a380ffb31f,640,480
fd3b1415dc926388,678,452
fd447915b8b2e798,639,480
fd47e8aa6eabd88e,680,451
fd6a666acaf67893,641,479
fd758a1b1c788095,640,480
fd85d2a62e6a8d5f,640,480
fd988b0cd86998b4,695,441
fda506589040412f,479,640
fdad26924c83e619,809,379
fdb4fb0ce0169a32,640,479
fdd264bbe5cd77ad,640,480
fddc00dc8234c269,738,416
fde16d90fec21eb7,678,452
fde5284fe5283b6d,480,640
fdff2445de6949c4,640,480
fe033fcd6e8a644e,678,452
fe07ebd88da2449b,320,240
fe1e98b0dd7bf9f1,641,479
fe1f93ff4763fe6a,641,479
fe20af4ea78ddbad,480,640
fe253fc1a5e82eb8,678,452
fe2dcd48bc078a83,657,467
fe2e50426487e7f4,480,640
fe3854c9c6db5b54,480,640
fe47d77c7c5493ff,679,451
fe64e62a94fd21bc,640,480
fe7067800d204265,479,641
fe7bc3010d997439,480,640
fe84c3173843221a,480,640
fe852c36a9b517c9,640,480
fe9633176da0db93,640,480
fea5a6a523b2d8e5,640,480
fed5c0275ff3a440,678,452
fefeea12c3751c06,640,480
ff05a3754a8e7247,480,640
ff09f660f8c35b10,554,554
ff0f2395db86383a,739,415
ff27754d9e8b31b1,641,479
ff2be552a7b1c1ad,679,452
ff35498f4cc7c1bb,619,495
ff4084238146c12f,678,452
ff48e26d59c6782c,554,554
ff5277e04a648e00,640,480
ff653db6f011c516,479,641
ff678695f8c19f82,681,451
ff7e40aa319b2e19,640,480
ff7e8eac4a92c42e,479,640
ff8aac0df786eea0,640,480
ffa382be7e2deb98,479,641
ffb00e77da4e8155,665,461
ffb5031e7f174c1e,678,452
ffd9e44631d33030,678,452
ffdec351cea041e5,480,640
fff0debd2911bfbd,597,513
fff277539bd8a2be,542,566
fff6a91a4de1c461,738,416
